-- phpMyAdmin SQL Dump
-- version 5.1.0
-- https://www.phpmyadmin.net/
--
-- Host: 127.0.0.1
-- Generation Time: Aug 31, 2021 at 05:00 AM
-- Server version: 10.4.18-MariaDB
-- PHP Version: 7.4.16

SET SQL_MODE = "NO_AUTO_VALUE_ON_ZERO";
START TRANSACTION;
SET time_zone = "+00:00";


/*!40101 SET @OLD_CHARACTER_SET_CLIENT=@@CHARACTER_SET_CLIENT */;
/*!40101 SET @OLD_CHARACTER_SET_RESULTS=@@CHARACTER_SET_RESULTS */;
/*!40101 SET @OLD_COLLATION_CONNECTION=@@COLLATION_CONNECTION */;
/*!40101 SET NAMES utf8mb4 */;

--
-- Database: `expo`
--

-- --------------------------------------------------------

-- 
-- Table structure for table `config`
--

CREATE TABLE `config` (
  `id` bigint(20) UNSIGNED NOT NULL,
  `name` varchar(255) COLLATE utf8mb4_unicode_ci NOT NULL,
  `year` int(11) NOT NULL,
  `duevote` date DEFAULT NULL,
  `eventdate` varchar(50) COLLATE utf8mb4_unicode_ci NOT NULL,
  `created_at` timestamp NULL DEFAULT NULL,
  `updated_at` timestamp NULL DEFAULT NULL
) ENGINE=InnoDB DEFAULT CHARSET=utf8mb4 COLLATE=utf8mb4_unicode_ci;

--
-- Dumping data for table `config`
--

INSERT INTO `config` (`id`, `name`, `year`, `duevote`, `eventdate`, `created_at`, `updated_at`) VALUES
(4212, 'Expo TIK', 2021, '2021-07-29', '29-30 Juli 2021', '2021-07-24 20:52:13', '2021-07-24 20:52:14');

-- --------------------------------------------------------

--
-- Table structure for table `failed_jobs`
--

CREATE TABLE `failed_jobs` (
  `id` bigint(20) UNSIGNED NOT NULL,
  `uuid` varchar(255) COLLATE utf8mb4_unicode_ci NOT NULL,
  `connection` text COLLATE utf8mb4_unicode_ci NOT NULL,
  `queue` text COLLATE utf8mb4_unicode_ci NOT NULL,
  `payload` longtext COLLATE utf8mb4_unicode_ci NOT NULL,
  `exception` longtext COLLATE utf8mb4_unicode_ci NOT NULL,
  `failed_at` timestamp NOT NULL DEFAULT current_timestamp()
) ENGINE=InnoDB DEFAULT CHARSET=utf8mb4 COLLATE=utf8mb4_unicode_ci;

-- --------------------------------------------------------

--
-- Table structure for table `migrations`
--

CREATE TABLE `migrations` (
  `id` int(10) UNSIGNED NOT NULL,
  `migration` varchar(255) COLLATE utf8mb4_unicode_ci NOT NULL,
  `batch` int(11) NOT NULL
) ENGINE=InnoDB DEFAULT CHARSET=utf8mb4 COLLATE=utf8mb4_unicode_ci;

--
-- Dumping data for table `migrations`
--

INSERT INTO `migrations` (`id`, `migration`, `batch`) VALUES
(1, '2014_10_12_000000_create_users_table', 1),
(2, '2019_08_19_000000_create_failed_jobs_table', 1),
(3, '2021_07_21_190300_create_projects_table', 1),
(4, '2021_07_21_190629_create_project_categories_table', 1),
(5, '2021_07_23_103734_create_votes_table', 2),
(6, '2021_07_25_034054_create_config_table', 3);

-- --------------------------------------------------------

--
-- Table structure for table `projects`
--

CREATE TABLE `projects` (
  `id` bigint(20) UNSIGNED NOT NULL,
  `id_category` int(11) NOT NULL,
  `thumbnail` longtext COLLATE utf8mb4_unicode_ci NOT NULL,
  `title` varchar(255) COLLATE utf8mb4_unicode_ci NOT NULL,
  `desc` text COLLATE utf8mb4_unicode_ci DEFAULT NULL,
  `url_youtube` varchar(255) COLLATE utf8mb4_unicode_ci DEFAULT NULL,
  `url_gmeet` varchar(255) COLLATE utf8mb4_unicode_ci DEFAULT NULL,
  `year` int(11) NOT NULL,
  `created_at` timestamp NULL DEFAULT NULL,
  `updated_at` timestamp NULL DEFAULT NULL
) ENGINE=InnoDB DEFAULT CHARSET=utf8mb4 COLLATE=utf8mb4_unicode_ci;

--
-- Dumping data for table `projects`
--

INSERT INTO `projects` (`id`, `id_category`, `thumbnail`, `title`, `desc`, `url_youtube`, `url_gmeet`, `year`, `created_at`, `updated_at`) VALUES
(79, 1, '1627468585.png', 'DAL Organizer', 'DAL Organizer merupakan sebuah platform untuk memudahkan orang dalam persiapan pernikahan. Dengan duduk manis anda bisa mendapatkan wedding sesuai dengan keinginan dan impian semua orang. Kamu juga bisa berdiskusi dengan pasangan dengan mudah dan dimana saja. Enjoy and find your happiness with DAL Organizer\r\n\r\nFeatures Of DAL Wedding Planner \r\n        ⁃        Berbasis website \r\n        ⁃        Venue Reality\r\n        ⁃        Memiliki banyak pelayanan (Musik, Catering, Dance)\r\n        ⁃        Contact Vendor', 'https://www.youtube.com/watch?v=FD3dolqvJVk', 'https://meet.google.com/snc-yisb-xbb', 2021, '2021-07-22 11:30:35', '2021-07-29 02:39:57'),
(100, 1, '1627478258.png', 'Ambulance Yayasan Musi Raya', 'Ambulance Yayasan Musi Raya adalah Yayasan yang bergerak di bidang ambulance, \r\n Kami Yayasan Musi Raya yang bergerak di bidang pelayanan, Ambulance dan Mobil Jenazah.\r\n Siap membantu dan melayani bagi keluarga yang berduka.Kami siap melayani area : Jakarta,Bogor,Depok,Tangerang,Bekasi dan sekitar nya, dan kami juga dapat melayani\r\n customer kami yang berada di luar kota.Kami meyediakan ambulance untuk kepentingan emergency pasien, antar jenazah, pelayanan event dan acara, juga on site pelayanan untuk proyek yang memiliki resiko tinggi', 'https://www.youtube.com/watch?v=AHa5mJFlqOg&ab_channel=JTIKPNJ', 'https://meet.google.com/xxx-yyyy-zzz', 2021, '2021-07-23 06:47:34', '2021-07-28 13:17:38'),
(102, 1, '1627469604.png', 'Rumah Sakit Sentra Medika Mobile', 'Aplikasi Rumah Sakit Sentra Medika Mobile adalah aplikasi dengan memaanfaatkan platform android untuk memberikan informasi akurat tentang berbagai macam informasi rumah sakit seperti jadwal dokter, fasilitas, layanan dan lain nya. Aplikasi ini juga mendapatkan mendapatkan nomor antrian dengan lebih mudah, dengan adanya aplikasi ini diharapkan mampu mengurangi permasalahan antrian yang meyebabkan menumpuknya calon pasien', 'https://youtu.be/NtJL8TQiQ6M', 'https://meet.google.com/bee-syti-ria', 2021, '2021-07-28 10:53:24', '2021-07-28 11:07:30'),
(103, 1, '1627478677.png', 'Make Up Artist', 'Sistem aplikasi ini merupakan platform untuk membuat ulasan (review) dari produk kecantikan dalam hal ini make up dan melakukan reservasi jasa make up untuk berbagai kebutuhan seperti wisuda, pernikahan, pesta maupun acara lainnya. Dalam kondisi pandemi, sektor usaha yang berkecimpung di dunia kecantikan terdampak secara langsung, namun pada acara yang sudah direncanakan sedemikian rupa seperti pernikahan maupun wisuda, tentu saja tidak dengan mudah ditunda atau bahkan dihilangkan. Yang bisa dilakukan adalah untuk menyesuaikan dengan kondisi sekarang. Dengan aplikasi ini, dimana pengguna bisa melakukan reservasi jasa make up artist yang tersedia dengan lebih mudah. Kelak ketika pandemi sudah berakhir, aplikasi ini juga dapat digunakan mengingat efisiensi platform yang mempertemukan kebutuhan pengguna dengan penyedia jasa/barang.', 'https://youtu.be/VB4ka0tDLS0', 'https://meet.google.com/gaj-jeyk-hko', 2021, '2021-07-28 13:24:38', '2021-07-28 13:24:38'),
(104, 1, '1627479450.png', 'SANDANGQ', 'Limbah tekstil masuk dalam rangking keempat terbesar penyumbang carbon emission (emisi karbon) di landfill. Website SandangQ dibuat agar masyarakan mendonasikan pakaian yang sudah tidak terpakai tetapi masih layak guna membantu sesama dan mengurangi sampah tekstil di dunia.', 'https://youtu.be/NQZ-xLfLGkI', 'https://meet.google.com/ogn-xmbx-mfs', 2021, '2021-07-28 13:37:30', '2021-07-29 03:17:34'),
(105, 1, '1627479514.png', 'KOPI SEGMEN - Modul Absen', 'Aplikasi ini berfungsi sebagai perekam data kehadiran karyawan dengan cara membuka web absensi setiap harinya untuk melakukan verifikasi.', 'https://youtu.be/W_Jvv8SpbwU', 'https://meet.google.com/vyf-gvwz-ebd', 2021, '2021-07-28 13:38:34', '2021-07-28 13:38:34'),
(106, 1, '1627479559.png', 'KOPI SEGMEN - Modul Kasir', 'Aplikasi ini berfungsi sebagai kasir untuk kedai KOPI SEGMEN dengan fitur pencatatan setiap transaksi penjualan yang mencatat pelayan pelanggan , produk yang dibeli oleh pelanggan , dan pelanggan yang membeli baik harian , bulanan , tahunan.', 'https://youtu.be/Q2CKpt25AZU', 'https://meet.google.com/vyf-gvwz-ebd', 2021, '2021-07-28 13:39:19', '2021-07-28 13:39:19'),
(107, 1, '1627479616.png', 'KOPI SEGMEN - Modul Stok', 'Aplikasi ini berfungsi sebagai pendataan stok barang yang terdapat di kedai KOPI SEGMEN dan memiliki fitur notifikasi jika terdapat barang yang sudah hampir habis.', 'https://youtu.be/o6ANGxmbbwQ', 'https://meet.google.com/vyf-gvwz-ebd', 2021, '2021-07-28 13:40:16', '2021-07-28 13:40:16'),
(108, 1, '1627479672.png', 'Darebee Workout', 'Aplikasi Panduan Olahraga Berbasis Android adalah sebuah aplikasi yang digunakan sebagai panduan olaraga untuk para pemula yang ingin melalukan olahraga, di dalam aplikasi terdapat beberapa fitur seperti panduan olahraga, berita yang berkaitan dengan olahraga, toko online yang menjual peralatan olahraga, dan rekomendasi makanan – makanan sehat.\r\nDalam panduan olahraga terdapat beberapa macam olahraga seperti yoga, boxing, running, dan strenuous. Selain itu di dalamnya juga berisi gambar illustrasi dan stopwatch untuk menghitung waktu olahraga sesuai dalam panduan yang ditentukan.', 'https://youtu.be/jVhkGqU-cC4', 'https://meet.google.com/phv-cagi-wus', 2021, '2021-07-28 13:41:12', '2021-07-28 13:41:12'),
(109, 1, '1627479716.png', 'Jobpy Hyris Solution', 'Aplikasi JobPy merupakan sebuah aplikasi yang berjalan di Human Resource/SDM yang dikhususkan untuk Perusahaan yang ingin mencari solusi Terhadap Informasi Karyawan baik kinerja maupun gaji sehingga membantu para HR untuk Memanage Sumber Daya Menggunakan Aplikasi ini.\r\nSehingga aplikasi ini dibuat dengan fitur-fitur sesuai dengan masalah yang ada. Aplikasi ini berjenis hybrid application dimana dapat diakses baik oleh Karyawan maupun Atasan melalui android dan Web. Sistem ini akan terintegrasi dengan 1 aplikasi web, dan 1 aplikasi mobile', 'https://youtu.be/KKSO4zbquJg', 'https://meet.google.com/sos-kxmz-jze', 2021, '2021-07-28 13:41:56', '2021-07-28 13:41:56'),
(110, 1, '1627479765.png', 'Donorin', 'Aplikasi Donorin merupakan sebuah aplikasi yang berjalan di bidang Kesehatan yang dikhususkan untuk Palang Merah Indonesia Kabupaten Bogor untuk mempermudah  calon pendonor dalam melakukan pendaftaran donor darah.', 'https://youtu.be/qF4w7pCKABk', 'https://meet.google.com/mpt-vrbf-bcv', 2021, '2021-07-28 13:42:45', '2021-07-28 13:42:45'),
(111, 1, '1627479818.png', 'Sporties App', 'Sporties App adalah aplikasi pencarian sarana olahraga di kota Depok. Fitur yang ada di Sporties App adalah Maps dan List Sarana Olahraga. Pengguna dapat melihat apa saja sarana olahraga yang ada di kota Depok berdasarkan kategori jenis olahraga. dan juga dapat melihat lokasi serta rute dari lokasi user ke tempat tersebut. Sporties App juga menyajikan musik di dalam nya yang juga dapat di nyalakan atau di matikan.', 'https://youtu.be/SYrtqhWa2Uk', 'https://meet.google.com/qig-kmbt-dxr', 2021, '2021-07-28 13:43:39', '2021-07-28 13:43:39'),
(112, 4, '1627479963.jpg', 'Smart Classroom', 'Sistem Smart Classroom merupakan sebuah sistem tertanam dan aplikasi berbasis web yang dibuat untuk mempermudah penggunaan kelas. Dengan sistem dan aplikasi yang akan dibuat, pengguna dapat memantau dan mengontrol data absensi peserta didik serta mengontrol peralatan yang ada didalam kelas yang terintegrasi pada Sistem Smart Classroom. Aplikasi dapat digunakan untuk melihat data seperti absensi, ruang kelas, dam jadwal, serta memungkinkan pengguna untuk menyalakan dan mematikan peralatan yang ada didalam kelas.', 'https://youtu.be/c2ETK06PE18', 'https://meet.google.com/vwz-iyns-gad', 2021, '2021-07-28 13:46:04', '2021-07-28 13:46:04'),
(113, 1, '1627480245.png', 'Evenesia', 'Aplikasi Evenesia merupakan aplikasi penyedia informasi seputar event. Diantaranya informasi detail berbagai macam vendor, mulai dari kontak hubung, kapasitas, list harga, rating pengguna, dan portofolio dari tiap vendor. Aplikasi ini juga menyediakan fitur Event Plan yang dapat digunakan untuk membuat jadwal yang akan disusun dalam mempersiapkan event dan fitur Hi Event yang dapat digunakan untuk melihat event yang sedang berlangsung dan dapat memesan tiket. Serta menyediakan artikel seputar dunia event, mulai dari informasi trend terkini, event yang akan berlangsung, hingga tips dalam persiapan event.', 'https://youtu.be/acdziWTVEQ0', 'https://meet.google.com/cjo-ffac-bjn', 2021, '2021-07-28 13:50:45', '2021-07-28 13:50:45'),
(114, 1, '1627480356.jpeg', 'SAWIT ID', 'Sawit ID merupakan suatu platform yang memudahkan masyarakat petani kelapa sawit dalam menjual hasil tani dari lahan kelapa sawit milik mereka. Dengan potongan harga rendah, biaya angkut terjangkau, menunggu supir terdekat menjemput (waktu penimbangan buah kelapa sawit lebih cepat), dapat melakukan booking penjemputan buah melalui Whatsapp. Dengan hadir-nya Sawit ID menjawab semua keluhan masyarakat petani.', 'https://youtu.be/N52tVAFTD1I', 'https://meet.google.com/aov-pwcn-fpx', 2021, '2021-07-28 13:52:36', '2021-07-28 13:52:36'),
(115, 4, '1627483641.jpg', 'Implementasi OpenCV Menggunakan ROS untuk Robot Sepak Bola Beroda', 'Robot menggunakan kamera digital (webcam) sebagai input utama untuk  mendeteksi keberadaan bola dan juga gawang lawan, dalam pemrosesan gambar menggunakan platfrom Robot Operating System (ROS).  Hasil dari deteksi bola akan dijadikan input untuk menggerakan motor DC sehingga robot dapat mengejar bola, kompas digital sebagai penentu arah gawang lawan.', 'https://youtu.be/LFx3JeK4Sxo', 'https://meet.google.com/ukt-mqsp-fuv', 2021, '2021-07-28 14:47:21', '2021-07-28 14:47:21'),
(116, 1, '1627483698.png', 'Fokoline', 'Fokoline merupakan sebuah platform yang menyediakan kemudahan dalam melakukan cetak dokumen yang dapat dilakukan oleh pengguna dimana saja. Dengan adanya website ini membuat kita dapat melakukan cetak dokumen tanpa harus mengantre dan juga kita juga mentaati protokol kesehatan yang berlaku', 'https://youtu.be/g5HbaVnA0iM', 'https://meet.google.com/bdy-oxnf-nwd', 2021, '2021-07-28 14:48:19', '2021-07-28 14:48:19'),
(117, 1, '1627483783.jpg', 'Foodpedia', 'Foodpedia adalah sebuah aplikasi berbasis android yang dapat digunakan untuk para pengguna yang menginginkan sebuah aplikasi yang easy to use dan friendly. dikarenakan dalam satu aplikasi ini terdapat banyak data resep yang diaplikasikan dan ini mempermudah pengguna yang memiliki hobi memasak untuk menggunakannya. Diaplikasi kami pengguna dapat mencari menu, mewhistlist menu dan juga melakukan berbagai pencarian berdasarkan kategori yang sudah kamu kelompokkan di dalam aplikasi', 'https://youtu.be/TFIHoTBwWBI', 'https://meet.google.com/nun-eeij-wag', 2021, '2021-07-28 14:49:43', '2021-07-28 14:49:43'),
(118, 1, '1627483840.png', 'Tini Mart Siswar', 'Sistem Transaksi Warung adalah sistem warung berbasis website untuk mencatat transaksi jual-beli, mengelola data, membuat laporan, memudahkan proses transaksi jual-beli, dan menyimpan data transaksi dan laporan.', 'https://youtu.be/bjjH9rsYcUg', 'https://meet.google.com/gkp-rgjz-ggs', 2021, '2021-07-28 14:50:40', '2021-07-28 14:50:40'),
(119, 1, '1627528556.jpeg', 'Walktrips', 'Walktrips sebagai salah satu piooner platfrom website booking trip melihat adanya peluang open trip walking tour untuk wisatawan baik lokal ataupun mancanegara yang ingin mengeksplor daerah wisata yang tidak jauh dari lokasi tempat tinggal, terutama di wilayah Jabodetabek .\r\nAdanya open trip walking tour juga sebagai solusi untuk tour guide dalam menambah pendapatannya, karena selama masa pandemi, banyak tour guide Indonesia hampir kehilangan pekerjaan dikarenakan banyak agensi wisata yang tutup akibat wabah pandemi virus covid-19.', 'https://youtu.be/mpTjOP58A3A', 'https://meet.google.com/irs-xokk-yjg', 2021, '2021-07-28 14:52:09', '2021-07-29 03:15:56'),
(120, 3, '1627484032.jpg', 'Masakuy!', 'Aplikasi ini berfungsi untuk memberikan pilihan kepada pengguna untuk memilih makanan yang akan dibuat dari bahan makanan yang telah diidentifikasi. Fitur utama dalam aplikasi adalah mengidentifikasi bahan makanan dan merekomendasikan menu atau resep makanan.', 'https://youtu.be/SKufZwf0Urk', 'https://meet.google.com/rkg-uvrs-zmv', 2021, '2021-07-28 14:53:52', '2021-07-29 06:59:53'),
(121, 3, '1627484136.png', 'MoM', 'MoM adalah platform belajar online yang mempertemukan murid dengan mentor sesuai dengan pelajaran yang disukai dan juga dapat membantu untuk mendapatkan penghasilan tambahan dengan menjadi mentor sesuai dengan keahlian yang dimiliki.', 'https://youtu.be/cLAcigYPlCQ', 'https://meet.google.com/iry-rbia-cyt', 2021, '2021-07-28 14:55:36', '2021-07-28 14:55:36'),
(122, 3, '1627484203.png', 'VeriLive', 'VeriLive adalah Aplikasi mobile untuk verifikasi real-time dan langsung yang dilakukan secara online berbasis android.', 'https://youtu.be/tmo_DsNkw58', 'https://meet.google.com/zkt-gvkm-vxa', 2021, '2021-07-28 14:56:44', '2021-07-28 14:56:44'),
(123, 7, '1627484340.jpg', 'Nelayanku', 'Aplikasi  nelayanku merupakan  sebuah  solusi  agar  jumlah  dan  jenis  ikan  bisa  terdata  dengan  efektif dan  efisien  sehingga  informasi  yang  terdapat  di  aplikasi  nelayanku  dapat meningkatkan  angka  konsumsi  dan  produksi  ikan  per  kapita  di  Indonesia. Kesimpulan yang diperoleh adalah aplikasi nelayanku dapat menjadi solusi untuk meningkatkan angka konsumsi dan produksi ikan per kapita di Indonesia.', 'https://youtu.be/LBmE0LR4Yao', 'https://meet.google.com/pao-gten-bkb', 2021, '2021-07-28 14:59:00', '2021-07-28 14:59:00'),
(124, 5, '1627484430.jpg', 'The Ultimate Adventure of Life', 'GOALS: THE ULTIMATE ADVENTURE OF LIFE adalah sebuah game berbasis 2 dimensi side-scrolling.\r\nGame ini dapat dimainkan menggunakan mobile device (Smartphone).\r\nGame ini dibuat sebagai gambaran perjuangan seseorang dalam meraih cita-citanya.\r\nGame ini memiliki 3 level yang tiap levelnya memiliki musuh dan tantangan yang berbeda - beda, yang dimana akan dimulai dari level 1 (SD), lalu level 2 (SMP), dan yang terakhir level 3 (SMA).\r\nDi setiap level nya, pemain diharuskan menjawab sebuah pertanyaan (Kuis) untuk melanjutkan ke level berikutnya. Hal tersebut dibuat untuk menciptakan \"feel\" yang lebih nyata tentang perjuangan dalam meraih cita-cita.', 'https://youtu.be/B0L0IyQkHKE', 'https://meet.google.com/pmi-uknx-aej', 2021, '2021-07-28 15:00:30', '2021-07-28 15:00:30'),
(125, 2, '1627484552.jpg', 'Evolusi Manusia Purba Indonesia', 'Produk animasi 2D ini dibuat menggunakan Sofware Adobe Photoshop, Illustrator, After Effect, Premiere. Terdapat karakter utama yaitu Ibu Puff yang menjelaskan mengenai apa itu Teori Evolusi, asal-usul Teori Evolusi Darwin serta jenis-jenis manusia purba yang ada di indonesia. Mulai dari Meganthropus, Pithecantropus sampai manusia jenis Homo yaitu Homo Wajakensis, Floresiensis dan Soloensis. Pembelajaran didukung oleh gambar yang dianimasikan, teks serta audio yang memperjelas penyampaian materi.', 'https://youtu.be/4ZiZaSWQpOM', 'https://meet.google.com/bdy-nszq-kxq', 2021, '2021-07-28 15:02:33', '2021-07-28 15:02:33'),
(126, 6, '1627484779.jpg', 'Jaga Laut Kita', '\'Jaga Laut Kita\' merupakan sebuah karya video mapping yang menceritakan tentang kehidupan laut sebelum dan sesudah tercemar. Bagaimana dampak yang akan terjadi jika laut terus menerus tercemar.\r\n\r\nSelain sebagai hiburan, diharapkan dengan adanya video mapping ini dapat menyadarkan masyarakat terutama anak-anak bahwa pentingnya menjaga kebersihan lingkungan.\r\n\r\nJadi, mau sampai kapan laut akan tercemar?', 'https://youtu.be/n4G9zC4_luY', 'https://meet.google.com/vng-fczb-cqw', 2021, '2021-07-28 15:06:19', '2021-07-28 15:06:19'),
(127, 2, '1627484877.jpg', '5 Tempat Bersejarah yang Berpengaruh Terhadap Kemerdekaan Indonesia di Jakarta dalam Bentuk 3 Dimensi', 'Animasi 3 Dimensi ini menceritakan tentang tempat-tempat bersejarah dalam kemerdekaan Indonesia di daerah DKI Jakarta yang dipandu oleh Bimo. Terdapat 5 tempat bersejarah yang dibahas dalam animasi ini, yaitu Museum Perumusan Naskah Proklamasi, Monumen Nasional, Gedung Radio Republik Indonesia, Museum Sumpah Pemuda, dan juga Museum Fatahillah.', 'https://www.youtube.com/watch?v=PEGSF093IRo', 'https://meet.google.com/uug-ziuh-vtn?authuser=2', 2021, '2021-07-28 15:07:57', '2021-07-29 02:42:23'),
(128, 6, '1627484951.png', 'ANGMUJA (Virtual Reality Museum Angkutan Umum)', 'Museum virtual ini bertujuan menaikan kembali tingkat ketertarikan masyarakat dalam masa pandemi, masyarakat tidak perlu khawatir tentang kerumunan yang terjadi karena kali ini masyarakat dapat merasakan seperti berada di museum yang bisa mereka akses dimanapun.', 'https://youtu.be/5rRfG_PGieo', 'https://meet.google.com/hxm-chbb-jvh', 2021, '2021-07-28 15:09:12', '2021-07-28 15:09:12'),
(129, 5, '1627485163.png', 'Aplikasi Augmented Reality & Game Berbasis Web untuk Edukasi Sampah', 'sARmpah adalah aplikasi web Augmented Reality (AR) untuk edukasi mengenai sampah yang memiliki tujuan untuk mengedukasi masyarakat khususnya yang berada di wilayah Politeknik Negeri Jakarta (PNJ) mengenai permasalahan sampah terutama pemilahan dan pengelolaannya dengan cara yang menyenangkan dan terjangkau.', 'https://youtu.be/XF6qbzs1yug', 'https://meet.google.com/dch-mszq-brz', 2021, '2021-07-28 15:12:43', '2021-07-28 15:12:43'),
(130, 6, '1627485235.png', 'Video Mapping Investasi Di Masa Pandemi', '“Investment in Pandemic” merupakan video mapping yang mengangkat tema investasi. Jika video mapping biasanya digunakan dalam seni pertunjukan, pada kali ini kami menginovasi video mapping menjadi sebuah media edukasi yang menarik.', 'https://youtu.be/JlLn1bAakwQ', 'https://meet.google.com/yqy-iykg-oru', 2021, '2021-07-28 15:13:55', '2021-07-28 15:13:55'),
(131, 5, '1627485294.png', 'BURN OUT (Game Visual Novel 2D)', 'Game ini merupakan sebuah game visual novel 2D yang mengangkat tema psikologi. Game ini menceritakan tentang seorang pekerja kantoran yang mengalami burnout / depresi. Game ini bercerita mengenai apa yang dihadapi pekerja tersebut sehingga akhirnya menyebabkan dirinya mengalami burnout dan upaya yang\r\ndilakukannya untuk keluar dari kondisi tersebut. Dalam game ini terdapat pilihan-pilihan yang nantinya akan menentukan akhir cerita yang didapatkan oleh pemain. Tujuan dari game ini adalah untuk mengedukasi tentang burnout, seperti seberapa berbahayanya\r\nburnout, apa saja penyebabnya, dan bagaimana cara agar dapat terhindar dari burnout.', 'https://youtu.be/4Ch5pIZrTUg', 'https://meet.google.com/vzs-bnpj-bdq', 2021, '2021-07-28 15:14:55', '2021-07-28 15:14:55'),
(132, 1, '1627485329.jpeg', 'Ngopiin', 'UMKM warung kopi perlu adanya pemberdayaan dan promosi warung kopi untuk meningkatkan daya beli masyarakat dan tempat berkumpul. Dengan cara memberikan platform berbasis alpikasi masyarakat sudah bisa mencari warung kopi terdekat ataupun terpenci di suatu daerah dan masyarakat bisa melihat menu kopi tanpa harus bingung mencari link dari platform lain.', 'https://youtu.be/NvnS0EQYD1Q', 'https://meet.google.com/xud-xrje-siv', 2021, '2021-07-28 15:15:30', '2021-07-28 15:15:30');

-- --------------------------------------------------------

--
-- Table structure for table `project_categories`
--

CREATE TABLE `project_categories` (
  `id` bigint(20) UNSIGNED NOT NULL,
  `name` varchar(255) COLLATE utf8mb4_unicode_ci NOT NULL,
  `created_at` timestamp NULL DEFAULT NULL,
  `updated_at` timestamp NULL DEFAULT NULL
) ENGINE=InnoDB DEFAULT CHARSET=utf8mb4 COLLATE=utf8mb4_unicode_ci;

--
-- Dumping data for table `project_categories`
--

INSERT INTO `project_categories` (`id`, `name`, `created_at`, `updated_at`) VALUES
(1, 'Bisnis TIK', '2021-07-22 10:41:17', '2021-07-22 10:41:17'),
(2, 'Animasi', '2021-07-22 10:41:17', '2021-07-23 00:34:00'),
(3, 'Cipta Inovasi', '2021-07-22 10:41:17', '2021-07-22 10:41:17'),
(4, 'IoT', '2021-07-22 10:41:17', '2021-07-22 10:41:17'),
(5, 'Game', '2021-07-23 00:26:47', '2021-07-23 00:26:47'),
(6, 'Interaktif Apps', '2021-07-23 00:29:33', '2021-07-23 00:29:33'),
(7, 'E-Government', '2021-07-23 00:29:43', '2021-07-23 00:29:43');

-- --------------------------------------------------------

--
-- Table structure for table `users`
--

CREATE TABLE `users` (
  `id` bigint(20) UNSIGNED NOT NULL,
  `name` varchar(255) COLLATE utf8mb4_unicode_ci NOT NULL,
  `username` varchar(255) COLLATE utf8mb4_unicode_ci NOT NULL,
  `password` varchar(255) COLLATE utf8mb4_unicode_ci NOT NULL,
  `created_at` timestamp NULL DEFAULT NULL,
  `updated_at` timestamp NULL DEFAULT NULL
) ENGINE=InnoDB DEFAULT CHARSET=utf8mb4 COLLATE=utf8mb4_unicode_ci;

--
-- Dumping data for table `users`
--

INSERT INTO `users` (`id`, `name`, `username`, `password`, `created_at`, `updated_at`) VALUES
(1, 'Administrator', 'admin', '$2y$10$ooh1rk.NIv5eJDOA2HslteuVfryzFto6Xk1Qh6a2kji1F7UQ/RS2u', '2021-07-22 10:41:58', '2021-07-22 10:41:58');

-- --------------------------------------------------------

--
-- Table structure for table `votes`
--

CREATE TABLE `votes` (
  `id` bigint(20) UNSIGNED NOT NULL,
  `id_project` varchar(255) COLLATE utf8mb4_unicode_ci NOT NULL,
  `name` varchar(255) COLLATE utf8mb4_unicode_ci NOT NULL,
  `email` varchar(255) COLLATE utf8mb4_unicode_ci NOT NULL,
  `ipaddress` varchar(45) COLLATE utf8mb4_unicode_ci NOT NULL,
  `created_at` timestamp NULL DEFAULT NULL,
  `updated_at` timestamp NULL DEFAULT NULL
) ENGINE=InnoDB DEFAULT CHARSET=utf8mb4 COLLATE=utf8mb4_unicode_ci;

--
-- Dumping data for table `votes`
--

INSERT INTO `votes` (`id`, `id_project`, `name`, `email`, `ipaddress`, `created_at`, `updated_at`) VALUES
(304, '121', 'Margareth ester', 'margareth@324.gmail.com', '180.252.95.7', '2021-07-28 15:50:01', '2021-07-28 15:50:01'),
(305, '121', 'Afandi Aziz', 'dummy.afandiaziz@gmail.com', '180.244.169.41', '2021-07-28 16:08:51', '2021-07-28 16:08:51'),
(306, '113', 'Muhammad Harits Ayyas', 'haritsayyas26@gmail.com', '110.138.82.53', '2021-07-28 16:09:28', '2021-07-28 16:09:28'),
(307, '121', 'Laudry', 'melanolaudry@gmail.com', '103.121.16.112', '2021-07-28 16:19:11', '2021-07-28 16:19:11'),
(308, '121', 'Ristan Alfatha Aditara', 'ristan.alfathaaditara.tik18@mhsw.pnj.ac.id', '180.241.36.127', '2021-07-28 16:21:31', '2021-07-28 16:21:31'),
(309, '123', 'Ramandhika', 'ramandhika44@gmail.com', '103.125.43.42', '2021-07-28 16:27:56', '2021-07-28 16:27:56'),
(310, '123', 'Ramadhan Wahyu Sahputra', 'ramadhan.wahyusahputra.tik20@mhsw.pnj.ac.id', '114.124.195.22', '2021-07-28 16:29:16', '2021-07-28 16:29:16'),
(311, '123', 'Alika Putri Maharani', 'mhrnalika03@gmail.com', '180.252.162.160', '2021-07-28 16:29:50', '2021-07-28 16:29:50'),
(312, '123', 'Muhammad bintang syawal', 'muhammad.bintangsyawal.tik20@mhsw.pnj.ac.id', '182.0.202.7', '2021-07-28 16:29:57', '2021-07-28 16:29:57'),
(313, '123', 'Muhamad Akmal Diaulhaq', 'muhamad.akmal22@gmail.com', '180.244.173.202', '2021-07-28 16:38:53', '2021-07-28 16:38:53'),
(314, '123', 'Rhenald Karrel', 'rhenald.karrel.tik19@mhsw.pnj.ac.id', '36.69.220.156', '2021-07-28 16:42:58', '2021-07-28 16:42:58'),
(315, '112', 'Anisa Safitri', 'anisaaaf01@gmail.com', '110.137.197.131', '2021-07-28 16:50:21', '2021-07-28 16:50:21'),
(316, '121', 'Leodi', 'leodiafriandisa@gmail.com', '114.122.11.51', '2021-07-28 16:50:30', '2021-07-28 16:50:30'),
(317, '121', 'Fayiz A.', '1302191071_fayiz@pknstan.ac.id', '114.122.6.57', '2021-07-28 16:53:59', '2021-07-28 16:53:59'),
(318, '112', 'MUHAMMAD SULTONY SADDAM HOLID', 'badboyssaddam@gmail.com', '180.251.191.70', '2021-07-28 16:55:44', '2021-07-28 16:55:44'),
(319, '112', 'Marven', 'mthaddeus.manalu@gmail.com', '180.245.44.69', '2021-07-28 16:57:34', '2021-07-28 16:57:34'),
(320, '112', 'Heni Latifah', 'lheeni06@gmail.com', '115.178.210.112', '2021-07-28 17:05:54', '2021-07-28 17:05:54'),
(321, '121', 'Ferry Syah Putra', 'ferrysp9800@gmail.com', '36.71.139.176', '2021-07-28 17:11:54', '2021-07-28 17:11:54'),
(322, '113', 'Niyara Arinda', 'niyara.arinda.tik19@mhsw.pnj.ac.id', '103.138.49.105', '2021-07-28 17:30:45', '2021-07-28 17:30:45'),
(323, '121', 'Dian Natalia Basuki Soedira', 'diansoedira@gmail.com', '182.2.164.54', '2021-07-28 18:21:37', '2021-07-28 18:21:37'),
(324, '112', 'Irma Nisvita', 'Irmanisvita04@gmail.com', '110.137.192.190', '2021-07-28 23:12:21', '2021-07-28 23:12:21'),
(325, '121', 'Christoper sinaga', 'christo_sinaga@yahoo.com', '182.2.134.43', '2021-07-28 23:32:22', '2021-07-28 23:32:22'),
(326, '112', 'Inesya', 'inesyaadella@gmail.com', '182.1.8.221', '2021-07-28 23:39:23', '2021-07-28 23:39:23'),
(327, '121', 'Miguel juanito', 'migueljuanito14@gmail.com', '111.94.145.100', '2021-07-28 23:44:43', '2021-07-28 23:44:43'),
(328, '121', 'Anastasya Gabriel', 'anastasyagabriel01@gmail.com', '114.4.82.190', '2021-07-28 23:45:23', '2021-07-28 23:45:23'),
(329, '113', 'Sasa', 'anisaaaf01@gmail.com', '110.137.197.131', '2021-07-28 23:47:03', '2021-07-28 23:47:03'),
(330, '121', 'Elisia Catherine', 'elisiacatherine@gmail.com', '101.255.148.246', '2021-07-28 23:52:04', '2021-07-28 23:52:04'),
(331, '121', 'Rara', 'alfairaranov1104@gmail.com', '180.245.44.152', '2021-07-28 23:54:15', '2021-07-28 23:54:15'),
(332, '121', 'Michelle Clarissa Doloksaribu', 'michelleclarissa06@gmail.com', '110.137.198.17', '2021-07-28 23:55:26', '2021-07-28 23:55:26'),
(333, '121', 'Yeremia', 'ynatanael21@gmail.com', '36.77.217.71', '2021-07-28 23:59:29', '2021-07-28 23:59:29'),
(334, '112', 'Thufail Qolba Aufar', 'thufail.qolbaaufar.tik19@mhsw.pnj.ac.id', '180.252.156.106', '2021-07-29 00:22:50', '2021-07-29 00:22:50'),
(335, '121', 'Gracerahel', 'gracerahelt@gmail.com', '180.252.89.183', '2021-07-29 00:27:09', '2021-07-29 00:27:09'),
(336, '112', 'Andi Faza Maylal Ghifari Pili', 'andi.fazamaylalghifaripili.tik20@mhsw.pnj.ac.id', '111.95.145.125', '2021-07-29 00:32:46', '2021-07-29 00:32:46'),
(337, '112', 'DIMAS AULIA', 'dimasauliafachrudin@gmail.com', '103.138.49.83', '2021-07-29 00:43:21', '2021-07-29 00:43:21'),
(338, '121', 'Michael', 'michaelcung00@gmail.com', '116.206.8.13', '2021-07-29 00:55:37', '2021-07-29 00:55:37'),
(339, '102', 'Michael', 'michaelcung00@gmail.com', '116.206.8.13', '2021-07-29 00:56:03', '2021-07-29 00:56:03'),
(340, '123', 'Michael', 'michaelcung00@gmail.com', '116.206.8.13', '2021-07-29 00:57:03', '2021-07-29 00:57:03'),
(341, '126', 'Ilham', 'ilhamkusumaning@gmail.com', '119.110.81.162', '2021-07-29 00:58:25', '2021-07-29 00:58:25'),
(342, '126', 'Haris', 'lathifmasrur@gmail.com', '125.160.231.107', '2021-07-29 00:59:40', '2021-07-29 00:59:40'),
(343, '121', 'Daniel Pande Raja', 'danielpande99@gmail.com', '103.121.16.103', '2021-07-29 01:14:07', '2021-07-29 01:14:07'),
(344, '79', 'Aida', 'nuraidairawan16@gmail.com', '180.251.185.4', '2021-07-29 01:17:14', '2021-07-29 01:17:14'),
(345, '123', 'khairul', 'khairulmumtazun@gmail.com', '180.244.173.183', '2021-07-29 01:21:02', '2021-07-29 01:21:02'),
(346, '130', 'Aulia Windy Agfiyarisha Ahrip', 'auliawindy.ahrip@gmail.com', '118.98.253.157', '2021-07-29 01:23:40', '2021-07-29 01:23:40'),
(347, '130', 'Daffa Hafizh D', 'daffahafizh23@gmail.com', '114.10.6.250', '2021-07-29 01:24:07', '2021-07-29 01:24:07'),
(348, '121', 'Nathan', 'nathanaelsimanjuntak3@gmail.com', '180.252.169.115', '2021-07-29 01:27:52', '2021-07-29 01:27:52'),
(349, '130', 'Bhiqi Satrya Alviandy', 'biki.satria@gmail.com', '103.78.115.240', '2021-07-29 01:28:48', '2021-07-29 01:28:48'),
(350, '130', 'Dini', 'dinifatihati27@gmail.com', '114.4.83.182', '2021-07-29 01:34:45', '2021-07-29 01:34:45'),
(351, '121', 'Bagaskara', 'bulanmadupictures@gmail.com', '182.253.45.141', '2021-07-29 01:36:21', '2021-07-29 01:36:21'),
(352, '118', 'Ade', 'erizkaemaida@gmail.com', '103.78.27.6', '2021-07-29 01:40:43', '2021-07-29 01:40:43'),
(353, '79', 'Ahmad Deni Wahyudi', 'ahmad.deniwahyudi.tik18@mhsw.pnj.ac.id', '125.166.223.152', '2021-07-29 01:43:18', '2021-07-29 01:43:18'),
(354, '120', 'Vhyliezabeth Aurellie', 'vhyliezabethaurellie@gmail.com', '120.188.7.204', '2021-07-29 01:43:38', '2021-07-29 01:43:38'),
(355, '121', 'Vhyliezabeth Aurellie', 'vhyliezabethaurellie@gmail.com', '120.188.7.204', '2021-07-29 01:43:57', '2021-07-29 01:43:57'),
(356, '108', 'Ilham', 'ilhamfikrih@gmail.com', '139.192.251.234', '2021-07-29 01:52:17', '2021-07-29 01:52:17'),
(357, '123', 'Mohammad Azri Khairuddin', 'mohammad.azrikhairuddin.tik18@mhsw.pnj.ac.id', '103.120.168.16', '2021-07-29 02:04:51', '2021-07-29 02:04:51'),
(358, '120', 'Andi M Axel Reyhan Yanandhy', 'axelreyhann@gmail.com', '180.244.173.183', '2021-07-29 02:06:28', '2021-07-29 02:06:28'),
(359, '123', 'Sidqia', 'shidqiazafira@gmail.com', '182.2.132.226', '2021-07-29 02:06:29', '2021-07-29 02:06:29'),
(360, '113', 'Anna mira', 'annamkartika9@gmail.com', '182.0.164.0', '2021-07-29 02:09:24', '2021-07-29 02:09:24'),
(361, '126', 'DEWI ASIH CAHYANI', 'dewiacahyani@gmail.com', '110.138.80.28', '2021-07-29 02:09:31', '2021-07-29 02:09:31'),
(362, '123', 'Anna', 'annamkartika9@gmail.com', '182.0.164.0', '2021-07-29 02:12:08', '2021-07-29 02:12:08'),
(363, '113', 'Amanda Salsabila', 'amandasalsabila07@gmail.com', '202.80.212.237', '2021-07-29 02:13:37', '2021-07-29 02:13:37'),
(364, '113', 'Sad rizki', 'sadrizki14@gmail.com', '202.80.217.134', '2021-07-29 02:13:50', '2021-07-29 02:13:50'),
(365, '122', 'Nur Fadhilah', 'ilafadhilah2205@gmail.com', '180.252.92.86', '2021-07-29 02:15:01', '2021-07-29 02:15:01'),
(366, '120', 'Ilham', 'ilhamkusumaning@gmail.com', '119.110.81.162', '2021-07-29 02:17:03', '2021-07-29 02:17:03'),
(367, '120', 'Muhammad Nur Irsyad', 'muhammad.nurirsyad.tik18@mhsw.pnj.ac.id', '110.138.46.208', '2021-07-29 02:17:49', '2021-07-29 02:17:49'),
(368, '112', 'Rifka Nur Cahyani', 'nurcahyanirifka@gmail.com', '114.124.137.250', '2021-07-29 02:17:49', '2021-07-29 02:17:49'),
(369, '123', 'Firmansyah Helmi Kurniawan', 'kurniawan.firman94@gmail.com', '103.78.115.137', '2021-07-29 02:18:02', '2021-07-29 02:18:02'),
(370, '112', 'Firmansyah Helmi Kurniawan', 'kurniawan.firman94@gmail.com', '103.78.115.137', '2021-07-29 02:18:20', '2021-07-29 02:18:20'),
(371, '104', 'Muhammad Nur Irsyad', 'muhammad.nurirsyad.tik18@mhsw.pnj.ac.id', '110.138.46.208', '2021-07-29 02:19:07', '2021-07-29 02:19:07'),
(372, '116', 'Anisa', 'anisaaaf01@gmail.com', '110.137.197.131', '2021-07-29 02:20:15', '2021-07-29 02:20:15'),
(373, '110', 'Rifka Nur Cahyani', 'nurcahyanirifka@gmail.com', '114.124.137.250', '2021-07-29 02:20:15', '2021-07-29 02:20:15'),
(374, '111', 'Dustin Rhesa', 'dustinrhesaw17@gmail.com', '139.192.240.92', '2021-07-29 02:20:58', '2021-07-29 02:20:58'),
(375, '113', 'Dafiq', 'dafiq.triwicaksono.tik18@mhsw.pnj.ac.id', '110.138.89.157', '2021-07-29 02:20:58', '2021-07-29 02:20:58'),
(376, '102', 'Bayu Nugroho', 'bayu.nugroho.tik20@mhsw.pnj.ac.id', '2404:c0:7050::8ccc:7f2a', '2021-07-29 02:21:08', '2021-07-29 02:21:08'),
(377, '130', 'Devid satria nalendra putra', 'devidsatria19@gmail.com', '111.95.191.42', '2021-07-29 02:21:39', '2021-07-29 02:21:39'),
(378, '127', 'Dustin Rhesa W', 'dustin.rhesawibowo.tik20@mhsw.pnj.ac.id', '139.192.240.92', '2021-07-29 02:21:42', '2021-07-29 02:21:42'),
(379, '131', 'Rachel Irwanto Aryasin', 'rachel.irwantoaryasin.tik20@mhsw.pnj.ac.id', '202.80.216.103', '2021-07-29 02:21:50', '2021-07-29 02:21:50'),
(380, '120', 'Dustin Rhesa W', 'dustin.rhesawibowo.tik20@mhsw.pnj.ac.id', '139.192.240.92', '2021-07-29 02:22:00', '2021-07-29 02:22:00'),
(381, '110', 'Ristan Alfatha Aditara', 'ristan.alfathaaditara.tik18@mhsw.pnj.ac.id', '180.241.36.127', '2021-07-29 02:22:15', '2021-07-29 02:22:15'),
(382, '79', 'Devid satria nalendra putra', 'devidsatria19@gmail.com', '111.95.191.42', '2021-07-29 02:22:15', '2021-07-29 02:22:15'),
(383, '112', 'Dustin Rhesa W', 'dustin.rhesawibowo.tik20@mhsw.pnj.ac.id', '139.192.240.92', '2021-07-29 02:22:19', '2021-07-29 02:22:19'),
(384, '110', 'Rachma Rinandari', 'rachma.rinandari.tik18@mhsw.pnj.ac.id', '103.119.50.14', '2021-07-29 02:22:31', '2021-07-29 02:22:31'),
(385, '120', 'Ristan Alfatha Aditara', 'ristan.alfathaaditara.tik18@mhsw.pnj.ac.id', '180.241.36.127', '2021-07-29 02:22:44', '2021-07-29 02:22:44'),
(386, '131', 'Elisabeth', 'ibethhh2001@gmail.com', '120.188.65.202', '2021-07-29 02:22:44', '2021-07-29 02:22:44'),
(387, '113', 'Firmansyah Helmi Kurniawan', 'firmansyah.helmikurniawan.tik20@mhsw.pnj.ac.id', '103.78.115.137', '2021-07-29 02:24:12', '2021-07-29 02:24:12'),
(388, '127', 'Monika Duri', 'monika.duri.tik18@mhsw.pnj.ac.id', '180.244.26.37', '2021-07-29 02:24:23', '2021-07-29 02:24:23'),
(389, '105', 'Mahesa', 'alwaysgr99@gmail.com', '125.166.109.184', '2021-07-29 02:24:26', '2021-07-29 02:24:26'),
(390, '102', 'Rhea Minerva', 'rhea2469@gmail.com', '180.252.118.141', '2021-07-29 02:25:03', '2021-07-29 02:25:03'),
(391, '100', 'Nila Puspita', 'xdga.32@gmail.com', '114.4.83.37', '2021-07-29 02:25:12', '2021-07-29 02:25:12'),
(392, '113', 'Nila Puspita', 'xdga.32@gmail.com', '114.4.83.37', '2021-07-29 02:25:57', '2021-07-29 02:25:57'),
(393, '129', 'M Aldiansyah Ali', 'm.aldiansyahali.tik20@mhsw.pnj.ac.id', '125.163.19.47', '2021-07-29 02:26:00', '2021-07-29 02:26:00'),
(394, '113', 'Febri', 'febrirestiani11@gmail.com', '103.213.129.66', '2021-07-29 02:26:14', '2021-07-29 02:26:14'),
(395, '131', 'Raihanah Agnissa', 'raihanah.agnis@gmail.com', '180.252.222.241', '2021-07-29 02:26:38', '2021-07-29 02:26:38'),
(396, '102', 'Hamza Firdaus', 'hamza.firdaus.tik20@mhsw.pnj.ac.id', '149.110.132.89', '2021-07-29 02:27:05', '2021-07-29 02:27:05'),
(397, '125', 'chantique sekar eugenia', 'chantiquesekar@gmail.com', '110.137.203.71', '2021-07-29 02:27:19', '2021-07-29 02:27:19'),
(398, '108', 'FADILLA RAHIM', 'fadilla.rahim.tik20@mhsw.pnj.ac.id', '114.125.31.239', '2021-07-29 02:28:02', '2021-07-29 02:28:02'),
(399, '111', 'FADILLA RAHIM', 'fadilla.rahim.tik20@mhsw.pnj.ac.id', '114.125.31.239', '2021-07-29 02:28:12', '2021-07-29 02:28:12'),
(400, '110', 'FADILLA RAHIM', 'fadilla.rahim.tik20@mhsw.pnj.ac.id', '114.125.31.239', '2021-07-29 02:28:21', '2021-07-29 02:28:21'),
(401, '110', 'Anisah pebrianti', 'anisahpebrianti06@gmail.com', '110.137.198.84', '2021-07-29 02:28:38', '2021-07-29 02:28:38'),
(402, '104', 'Brilianto Azhari Suprapto', 'brilianto.azharisuprapto.tik20@mhsw.pnj.ac.id', '180.251.187.99', '2021-07-29 02:28:39', '2021-07-29 02:28:39'),
(403, '114', 'FADILLA RAHIM', 'fadilla.rahim.tik20@mhsw.pnj.ac.id', '114.125.31.239', '2021-07-29 02:28:43', '2021-07-29 02:28:43'),
(404, '117', 'FADILLA RAHIM', 'fadilla.rahim.tik20@mhsw.pnj.ac.id', '114.125.31.239', '2021-07-29 02:28:53', '2021-07-29 02:28:53'),
(405, '125', 'Annissa', 'nisaanissaa@gmail.com', '120.188.4.14', '2021-07-29 02:29:24', '2021-07-29 02:29:24'),
(406, '114', 'YONATAN RIPANDRA SINAGA', 'yonatanripandra@gmail.com', '182.0.246.41', '2021-07-29 02:29:37', '2021-07-29 02:29:37'),
(407, '111', 'Kautsar Arief Mukhsinin', 'kautsar.ariefmukhsinin.tik20@mhsw.pnj.ac.id', '139.0.133.9', '2021-07-29 02:29:54', '2021-07-29 02:29:54'),
(408, '118', 'FADILLA RAHIM', 'fadilla.rahim.tik20@mhsw.pnj.ac.id', '114.125.31.239', '2021-07-29 02:30:18', '2021-07-29 02:30:18'),
(409, '119', 'FADILLA RAHIM', 'fadilla.rahim.tik20@mhsw.pnj.ac.id', '114.125.31.239', '2021-07-29 02:30:27', '2021-07-29 02:30:27'),
(410, '123', 'aldira bramasta', 'bramastaldr@gmail.com', '180.243.137.36', '2021-07-29 02:31:27', '2021-07-29 02:31:27'),
(411, '125', 'Hamza Firdaus', 'hamza.firdaus.tik20@mhsw.pnj.ac.id', '149.110.132.89', '2021-07-29 02:31:30', '2021-07-29 02:31:30'),
(412, '113', 'Michael Diori Mori H', 'michael.diorimorihutapea.tik18@mhsw.pnj.ac.id', '180.244.168.149', '2021-07-29 02:32:30', '2021-07-29 02:32:30'),
(413, '113', 'MUHAMMAD LUTFI PRIHATIN', 'muhammad.lutfiprihatin.tik18@mhsw.pnj.ac.id', '103.119.140.60', '2021-07-29 02:32:32', '2021-07-29 02:32:32'),
(414, '122', 'Nurul Amelia Azis', 'nurul.ameliaazis.tik18@mhsw.pnj.ac.id', '114.125.169.26', '2021-07-29 02:32:33', '2021-07-29 02:32:33'),
(415, '122', 'Reisa Siva Nandika', 'reisa.sivanandika.tik18@mhsw.pnj.ac.id', '112.215.235.210', '2021-07-29 02:32:40', '2021-07-29 02:32:40'),
(416, '122', 'Muhammad Farid Akbar', 'muhammad.faridakbar.tik18@mhsw.pnj.ac.id', '180.244.169.79', '2021-07-29 02:33:03', '2021-07-29 02:33:03'),
(417, '127', 'Kautsar Arief Mukhsinin', 'kautsar.ariefmukhsinin.tik20@mhsw.pnj.ac.id', '139.0.133.9', '2021-07-29 02:33:25', '2021-07-29 02:33:25'),
(418, '79', 'Aditya r a', 'adityarzk13@gmail.com', '140.213.5.140', '2021-07-29 02:34:12', '2021-07-29 02:34:12'),
(419, '102', 'Muhamad Dwiki Hermansyah', 'muhamad.dwikihermansyah.tik20@mhsw.pnj.ac.id', '118.137.128.96', '2021-07-29 02:34:28', '2021-07-29 02:34:28'),
(420, '100', 'Rhea Minerva', 'rhea.minervafateema.tik20@mhsw.pnj.ac.id', '180.252.118.141', '2021-07-29 02:34:29', '2021-07-29 02:34:29'),
(421, '132', 'Achmad bayu perkasa', 'bayup204@gmail.com', '110.138.89.127', '2021-07-29 02:34:33', '2021-07-29 02:34:33'),
(422, '110', 'Aditya r a', 'adityarzk13@gmail.com', '140.213.5.140', '2021-07-29 02:35:02', '2021-07-29 02:35:02'),
(423, '120', 'Kautsar Arief Mukhsinin', 'kautsar.ariefmukhsinin.tik20@mhsw.pnj.ac.id', '139.0.133.9', '2021-07-29 02:35:03', '2021-07-29 02:35:03'),
(424, '113', 'Zahwa Audita Syarifatuzahra', 'zahwa.auditasyarifatuzahra.tik20@mhsw.pnj.ac.id', '180.252.174.2', '2021-07-29 02:35:08', '2021-07-29 02:35:08'),
(425, '114', 'Devid satria nalendra putra', 'devid.satrianalendraputra.tik20@mhsw.pnj.ac.id', '111.95.191.42', '2021-07-29 02:35:10', '2021-07-29 02:35:10'),
(426, '116', 'Zahwa Audita Syarifatuzahra', 'zahwa.auditasyarifatuzahra.tik20@mhsw.pnj.ac.id', '180.252.174.2', '2021-07-29 02:35:19', '2021-07-29 02:35:19'),
(427, '125', 'Muhamad Dwiki Hermansyah', 'muhamad.dwikihermansyah.tik20@mhsw.pnj.ac.id', '118.137.128.96', '2021-07-29 02:35:28', '2021-07-29 02:35:28'),
(428, '127', 'Muhamad Dwiki Hermansyah', 'muhamad.dwikihermansyah.tik20@mhsw.pnj.ac.id', '118.137.128.96', '2021-07-29 02:35:32', '2021-07-29 02:35:32'),
(429, '115', 'Devid satria nalendra putra', 'devid.satrianalendraputra.tik20@mhsw.pnj.ac.id', '111.95.191.42', '2021-07-29 02:35:46', '2021-07-29 02:35:46'),
(430, '110', 'Indah Nur Anisa', 'indahnuranisa99@gmail.com', '114.5.216.175', '2021-07-29 02:35:53', '2021-07-29 02:35:53'),
(431, '120', 'FADILLA RAHIM', 'fadilla.rahim.tik20@mhsw.pnj.ac.id', '114.125.31.239', '2021-07-29 02:36:13', '2021-07-29 02:36:13'),
(432, '122', 'FADILLA RAHIM', 'fadilla.rahim.tik20@mhsw.pnj.ac.id', '114.125.31.239', '2021-07-29 02:36:20', '2021-07-29 02:36:20'),
(433, '104', 'Audina Amalia Putri', 'audina.amaliaputri.tik20@mhsw.pnj.ac.id', '110.138.86.192', '2021-07-29 02:36:22', '2021-07-29 02:36:22'),
(434, '129', 'M alfatah', 'm.alfatah.tik20@mhsw.pnj.ac.id', '110.137.83.114', '2021-07-29 02:36:49', '2021-07-29 02:36:49'),
(435, '110', 'Dara', 'daralariza@gmail.com', '110.137.198.26', '2021-07-29 02:36:50', '2021-07-29 02:36:50'),
(436, '122', 'Muhamad Dwiki Hermansyah', 'muhamad.dwikihermansyah.tik20@mhsw.pnj.ac.id', '118.137.128.96', '2021-07-29 02:36:59', '2021-07-29 02:36:59'),
(437, '109', 'Muhammad Hirzi', 'muhammad.hirzifarizan.tik20@mhsw.pnj.ac.id', '103.120.170.13', '2021-07-29 02:37:42', '2021-07-29 02:37:42'),
(438, '115', 'Muhamad Dwiki Hermansyah', 'muhamad.dwikihermansyah.tik20@mhsw.pnj.ac.id', '118.137.128.96', '2021-07-29 02:38:12', '2021-07-29 02:38:12'),
(439, '127', 'Muhammad Hirzi', 'muhammad.hirzifarizan.tik20@mhsw.pnj.ac.id', '103.120.170.13', '2021-07-29 02:38:18', '2021-07-29 02:38:18'),
(440, '114', 'Dinny Ikhdanatun Nadziroh', 'dinny.ikhdanatunnadziroh.tik18@mhsw.pnj.ac.id', '114.79.1.146', '2021-07-29 02:38:44', '2021-07-29 02:38:44'),
(441, '122', 'Muhammad Hirzi', 'muhammad.hirzifarizan.tik20@mhsw.pnj.ac.id', '103.120.170.13', '2021-07-29 02:38:50', '2021-07-29 02:38:50'),
(442, '105', 'Apen Stiabudi', 'apen99@gmail.com', '2605:6440:3002::1:c3d1', '2021-07-29 02:38:50', '2021-07-29 02:38:50'),
(443, '115', 'Muhammad Hirzi', 'muhammad.hirzifarizan.tik20@mhsw.pnj.ac.id', '103.120.170.13', '2021-07-29 02:39:07', '2021-07-29 02:39:07'),
(444, '105', 'gilang', 'gilangdwip@gmail.com', '2a0d:5600:46:2000::367', '2021-07-29 02:39:22', '2021-07-29 02:39:22'),
(445, '121', 'chantique sekar eugenia', 'chantiquesekar@gmail.com', '110.137.203.71', '2021-07-29 02:39:39', '2021-07-29 02:39:39'),
(446, '129', 'Muhamad Dwiki Hermansyah', 'muhamad.dwikihermansyah.tik20@mhsw.pnj.ac.id', '118.137.128.96', '2021-07-29 02:39:46', '2021-07-29 02:39:46'),
(447, '113', 'Muhammad Fahmi', 'muhammad.fahmifadhlurrohman.tik18@mhsw.pnj.ac.id', '103.121.16.97', '2021-07-29 02:39:52', '2021-07-29 02:39:52'),
(448, '131', 'Muhammad Hirzi', 'muhammad.hirzifarizan.tik20@mhsw.pnj.ac.id', '103.120.170.13', '2021-07-29 02:39:53', '2021-07-29 02:39:53'),
(449, '105', 'Fajar', 'fajarh99@gmail.com', '2605:6440:3002::1:c1ff', '2021-07-29 02:39:55', '2021-07-29 02:39:55'),
(450, '110', 'Zahwa Audita Syarifatuzahra', 'zahwa.auditasyarifatuzahra.tik20@mhsw.pnj.ac.id', '180.252.174.2', '2021-07-29 02:40:29', '2021-07-29 02:40:29'),
(451, '113', 'Muhammad Farid Akbar', 'muhammad.faridakbar.tik18@mhsw.pnj.ac.id', '180.244.169.79', '2021-07-29 02:40:56', '2021-07-29 02:40:56'),
(452, '105', 'Azzam Fadhila', 'FKAzzam@gmail.com', '2a0d:5600:46:2000::319', '2021-07-29 02:41:07', '2021-07-29 02:41:07'),
(453, '128', 'Muhamad Dwiki Hermansyah', 'muhamad.dwikihermansyah.tik20@mhsw.pnj.ac.id', '118.137.128.96', '2021-07-29 02:41:09', '2021-07-29 02:41:09'),
(454, '108', 'Joshua Prima', 'waculvers@gmail.com', '103.120.168.13', '2021-07-29 02:41:10', '2021-07-29 02:41:10'),
(455, '128', 'Daffa Febrian Damanik', 'daffa.febriandamanik.tik20@mhsw.pnj.ac.id', '111.94.191.182', '2021-07-29 02:41:11', '2021-07-29 02:41:11'),
(456, '79', 'Lily', 'fikrullaily114@gmail.com', '36.68.52.255', '2021-07-29 02:41:23', '2021-07-29 02:41:23'),
(457, '102', 'Lily', 'fikrullaily114@gmail.com', '36.68.52.255', '2021-07-29 02:41:37', '2021-07-29 02:41:37'),
(458, '110', 'Neny Lutfiani', 'nenylutfiani0@gmail.com', '182.0.179.105', '2021-07-29 02:41:43', '2021-07-29 02:41:43'),
(459, '128', 'Muhammad Hirzi', 'muhammad.hirzifarizan.tik20@mhsw.pnj.ac.id', '103.120.170.46', '2021-07-29 02:41:56', '2021-07-29 02:41:56'),
(460, '123', 'Muhammad Hirzi', 'muhammad.hirzifarizan.tik20@mhsw.pnj.ac.id', '103.120.170.46', '2021-07-29 02:42:05', '2021-07-29 02:42:05'),
(461, '122', 'Lily', 'fikrullaily114@gmail.com', '36.68.52.255', '2021-07-29 02:42:05', '2021-07-29 02:42:05'),
(462, '125', 'Daffa Febrian Damanik', 'daffa.febriandamanik.tik20@mhsw.pnj.ac.id', '111.94.191.182', '2021-07-29 02:42:15', '2021-07-29 02:42:15'),
(463, '123', 'Muhamad Dwiki Hermansyah', 'muhamad.dwikihermansyah.tik20@mhsw.pnj.ac.id', '118.137.128.96', '2021-07-29 02:42:17', '2021-07-29 02:42:17'),
(464, '116', 'Muhammad Hirzi', 'muhammad.hirzifarizan.tik20@mhsw.pnj.ac.id', '103.120.170.46', '2021-07-29 02:42:21', '2021-07-29 02:42:21'),
(465, '113', 'Alfira shafa', 'Volettaalfira@gmail.com', '103.121.16.75', '2021-07-29 02:42:22', '2021-07-29 02:42:22'),
(466, '121', 'Muhammad Fahmi', 'muhammad.fahmifadhlurrohman.tik18@mhsw.pnj.ac.id', '103.121.16.97', '2021-07-29 02:42:26', '2021-07-29 02:42:26'),
(467, '113', 'Reisa Siva Nandika', 'reisa.sivanandika.tik18@mhsw.pnj.ac.id', '112.215.235.210', '2021-07-29 02:42:27', '2021-07-29 02:42:27'),
(468, '122', 'Hamza Firdaus', 'hamza.firdaus.tik20@mhsw.pnj.ac.id', '149.110.132.89', '2021-07-29 02:42:40', '2021-07-29 02:42:40'),
(469, '122', 'hasya afifah', 'hasya.afifahkhairunnisa.tik18@mhsw.pnj.ac.id', '202.80.217.134', '2021-07-29 02:42:42', '2021-07-29 02:42:42'),
(470, '128', 'Reisa Siva Nandika', 'reisa.sivanandika.tik18@mhsw.pnj.ac.id', '112.215.235.210', '2021-07-29 02:42:53', '2021-07-29 02:42:53'),
(471, '79', 'Muhammad Farid Akbar', 'muhammad.faridakbar.tik18@mhsw.pnj.ac.id', '180.244.169.79', '2021-07-29 02:42:54', '2021-07-29 02:42:54'),
(472, '110', 'Daffa Febrian Damanik', 'daffa.febriandamanik.tik20@mhsw.pnj.ac.id', '111.94.191.182', '2021-07-29 02:43:02', '2021-07-29 02:43:02'),
(473, '79', 'Arfandra Rezky', 'arfandra.rezkyafandi.tik18@mhsw.pnj.ac.id', '139.228.9.63', '2021-07-29 02:43:03', '2021-07-29 02:43:03'),
(474, '125', 'Alfira', 'violettaalfira@gmail.com', '103.121.16.75', '2021-07-29 02:43:08', '2021-07-29 02:43:08'),
(475, '128', 'hasya afifah', 'hasya.afifahkhairunnisa.tik18@mhsw.pnj.ac.id', '202.80.217.134', '2021-07-29 02:43:09', '2021-07-29 02:43:09'),
(476, '123', 'Reisa Siva Nandika', 'reisa.sivanandika.tik18@mhsw.pnj.ac.id', '112.215.235.210', '2021-07-29 02:43:12', '2021-07-29 02:43:12'),
(477, '104', 'Muhammad Yasir Alfaruq', 'muhammad.yasiralfaruq.tik20@mhsw.pnj.ac.id', '36.77.92.190', '2021-07-29 02:43:17', '2021-07-29 02:43:17'),
(478, '122', 'Kautsara', 'kautsara.wiratikahadhzanis.tik18@mhsw.pnj.ac.id', '202.80.216.78', '2021-07-29 02:43:21', '2021-07-29 02:43:21'),
(479, '118', 'Nurul Amelia Azis', 'nurul.ameliaazis.tik18@mhsw.pnj.ac.id', '114.125.169.26', '2021-07-29 02:43:38', '2021-07-29 02:43:38'),
(480, '114', 'Mahesa', 'mahesa.ramatriwijaya.tik20@mhsw.pnj.ac.id', '110.138.95.4', '2021-07-29 02:43:41', '2021-07-29 02:43:41'),
(481, '121', 'Muhamad Ridwan', 'muhamad.ridwan.tik19@mhsw.pnj.ac.id', '110.138.135.121', '2021-07-29 02:43:42', '2021-07-29 02:43:42'),
(482, '122', 'Mochamad Rafly Aditya Firmansyah', 'mochamad.raflyadityafirmansyah.tik18@mhsw.pnj.ac.id', '110.139.248.246', '2021-07-29 02:43:47', '2021-07-29 02:43:47'),
(483, '113', 'Mahesa', 'mahesa.ramatriwijaya.tik20@mhsw.pnj.ac.id', '110.138.95.4', '2021-07-29 02:43:54', '2021-07-29 02:43:54'),
(484, '115', 'FADILLA RAHIM', 'fadilla.rahim.tik20@mhsw.pnj.ac.id', '114.125.31.239', '2021-07-29 02:43:57', '2021-07-29 02:43:57'),
(485, '113', 'Kautsara', 'kautsara.wiratikahadhzanis.tik18@mhsw.pnj.ac.id', '202.80.216.78', '2021-07-29 02:43:58', '2021-07-29 02:43:58'),
(486, '120', 'Reisa Siva Nandika', 'reisa.sivanandika.tik18@mhsw.pnj.ac.id', '112.215.235.210', '2021-07-29 02:44:18', '2021-07-29 02:44:18'),
(487, '123', 'Alfira', 'violettaalfira@gmail.com', '103.121.16.75', '2021-07-29 02:44:23', '2021-07-29 02:44:23'),
(488, '127', 'Errico Evando Ramli', 'erricoevando.ramli.tik18@mhsw.pnj.ac.id', '101.128.119.254', '2021-07-29 02:44:36', '2021-07-29 02:44:36'),
(489, '113', 'Gaizka Aisyah Pane', 'gaizka.aisyahpane.tik20@mhsw.pnj.ac.id', '114.124.147.217', '2021-07-29 02:44:38', '2021-07-29 02:44:38'),
(490, '122', 'Hamzah Tsabatul Aqdam', 'hamzah.tsabatulaqdam.tik18@mhsw.pnj.ac.id', '101.128.127.22', '2021-07-29 02:44:44', '2021-07-29 02:44:44'),
(491, '120', 'Nurul Amelia Azis', 'nurul.ameliaazis.tik18@mhsw.pnj.ac.id', '114.125.169.26', '2021-07-29 02:44:46', '2021-07-29 02:44:46'),
(492, '108', 'Fadhil Fathin Erlanto', 'fadhil.fathinerlanto.tik20@mhsw.pnj.ac.id', '110.138.91.161', '2021-07-29 02:44:50', '2021-07-29 02:44:50'),
(493, '116', 'Muhammad Farid Akbar', 'muhammad.faridakbar.tik18@mhsw.pnj.ac.id', '180.244.169.79', '2021-07-29 02:44:51', '2021-07-29 02:44:51'),
(494, '123', 'Rizky Putri Hanifa', 'rizky.putrihanifa.tik20@mhsw.pnj.ac.id', '120.188.34.182', '2021-07-29 02:44:54', '2021-07-29 02:44:54'),
(495, '116', 'Reisa Siva Nandika', 'reisa.sivanandika.tik18@mhsw.pnj.ac.id', '112.215.235.210', '2021-07-29 02:45:11', '2021-07-29 02:45:11'),
(496, '127', 'Annasya Denef', 'annasya.denef.tik18@mhsw.pnj.ac.id', '114.4.82.220', '2021-07-29 02:45:13', '2021-07-29 02:45:13'),
(497, '109', 'Zahwa Audita Syarifatuzahra', 'zahwa.auditasyarifatuzahra.tik20@mhsw.pnj.ac.id', '180.252.174.2', '2021-07-29 02:45:15', '2021-07-29 02:45:15'),
(498, '122', 'Mas Brillianesa Faydhurrahman', 'mas.brillianesafaydhurrahman.tik18@mhsw.pnj.ac.id', '27.131.1.1', '2021-07-29 02:45:18', '2021-07-29 02:45:18'),
(499, '121', 'Muhammad Yasir Alfaruq', 'muhammad.yasiralfaruq.tik20@mhsw.pnj.ac.id', '36.77.92.190', '2021-07-29 02:45:27', '2021-07-29 02:45:27'),
(500, '123', 'Gaizka Aisyah Pane', 'gaizka.aisyahpane.tik20@mhsw.pnj.ac.id', '114.124.147.217', '2021-07-29 02:45:45', '2021-07-29 02:45:45'),
(501, '122', 'Muhammad Yasir Alfaruq', 'muhammad.yasiralfaruq.tik20@mhsw.pnj.ac.id', '36.77.92.190', '2021-07-29 02:45:45', '2021-07-29 02:45:45'),
(502, '112', 'Muhammad Yasir Alfaruq', 'muhammad.yasiralfaruq.tik20@mhsw.pnj.ac.id', '36.77.92.190', '2021-07-29 02:46:00', '2021-07-29 02:46:00'),
(503, '110', 'Arya Mustofa A', 'aryamustofa56@gmail.com', '114.124.195.77', '2021-07-29 02:46:07', '2021-07-29 02:46:07'),
(504, '116', 'dendy', 'dendy.ferdianaliftama.tik17@mhsw.pnj.ac.id', '124.158.184.83', '2021-07-29 02:46:22', '2021-07-29 02:46:22'),
(505, '108', 'Rayandra Firman', 'rayandra@gmail.com', '103.121.16.117', '2021-07-29 02:46:55', '2021-07-29 02:46:55'),
(506, '123', 'Muhammad Yasir Alfaruq', 'muhammad.yasiralfaruq.tik20@mhsw.pnj.ac.id', '36.77.92.190', '2021-07-29 02:47:35', '2021-07-29 02:47:35'),
(507, '122', 'Mohammad Azri Khairuddin', 'mohammad.azrikhairuddin.tik18@mhsw.pnj.ac.id', '103.120.168.16', '2021-07-29 02:49:00', '2021-07-29 02:49:00'),
(508, '113', 'V4y', 'v4y.lights@gmail.com', '180.252.165.224', '2021-07-29 02:49:30', '2021-07-29 02:49:30'),
(509, '112', 'Hamza Firdaus', 'hamza.firdaus.tik20@mhsw.pnj.ac.id', '149.110.132.89', '2021-07-29 02:50:15', '2021-07-29 02:50:15'),
(510, '129', 'FADILLA RAHIM', 'fadilla.rahim.tik20@mhsw.pnj.ac.id', '114.125.31.239', '2021-07-29 02:50:17', '2021-07-29 02:50:17'),
(511, '131', 'FADILLA RAHIM', 'fadilla.rahim.tik20@mhsw.pnj.ac.id', '114.125.31.239', '2021-07-29 02:50:27', '2021-07-29 02:50:27'),
(512, '122', 'afandiaziz', 'afandiaziz46@gmail.com', '180.244.169.41', '2021-07-29 02:50:28', '2021-07-29 02:50:28'),
(513, '79', 'Elin Juliani Hikmah', 'elinyuliani02@gmail.com', '114.4.212.24', '2021-07-29 02:50:39', '2021-07-29 02:50:39'),
(514, '130', 'FADILLA RAHIM', 'fadilla.rahim.tik20@mhsw.pnj.ac.id', '114.125.31.239', '2021-07-29 02:50:47', '2021-07-29 02:50:47'),
(515, '128', 'FADILLA RAHIM', 'fadilla.rahim.tik20@mhsw.pnj.ac.id', '114.125.31.239', '2021-07-29 02:50:55', '2021-07-29 02:50:55'),
(516, '122', 'Errico Evando Ramli', 'erricoevando.ramli.tik18@mhsw.pnj.ac.id', '101.128.119.254', '2021-07-29 02:51:34', '2021-07-29 02:51:34'),
(517, '113', 'Agitha Nasywa Antawila', 'agitha.nasywaantawila.tik20@mhsw.pnj.ac.id', '111.95.160.96', '2021-07-29 02:51:38', '2021-07-29 02:51:38'),
(518, '113', 'Mei', 'harummeiriza@gmail.com', '182.0.197.124', '2021-07-29 02:52:02', '2021-07-29 02:52:02'),
(519, '125', 'Brilianto Azhari Suprapto', 'brilianto.azharisuprapto.tik20@mhsw.pnj.ac.id', '180.251.187.99', '2021-07-29 02:52:22', '2021-07-29 02:52:22'),
(520, '119', 'Agitha Nasywa Antawila', 'agitha.nasywaantawila.tik20@mhsw.pnj.ac.id', '111.95.160.96', '2021-07-29 02:52:25', '2021-07-29 02:52:25'),
(521, '79', 'Faqih Nawawi', 'faqih.nawawi.ts19@mhsw.pnj.ac.id', '114.124.195.87', '2021-07-29 02:52:41', '2021-07-29 02:52:41'),
(522, '100', 'wahyudi', 'w67167335@gmail.com', '111.94.37.93', '2021-07-29 02:52:53', '2021-07-29 02:52:53'),
(523, '131', 'Agitha Nasywa Antawila', 'agitha.nasywaantawila.tik20@mhsw.pnj.ac.id', '111.95.160.96', '2021-07-29 02:52:54', '2021-07-29 02:52:54'),
(524, '108', 'Haide', 'luthfiahaidey@gmail.com', '180.252.174.245', '2021-07-29 02:53:01', '2021-07-29 02:53:01'),
(525, '128', 'Agitha Nasywa Antawila', 'agitha.nasywaantawila.tik20@mhsw.pnj.ac.id', '111.95.160.96', '2021-07-29 02:53:10', '2021-07-29 02:53:10'),
(526, '103', 'FADILLA RAHIM', 'fadilla.rahim.tik20@mhsw.pnj.ac.id', '114.125.31.239', '2021-07-29 02:53:12', '2021-07-29 02:53:12'),
(527, '125', 'Mahesa', 'mahesa.ramatriwijaya.tik20@mhsw.pnj.ac.id', '110.138.95.4', '2021-07-29 02:53:14', '2021-07-29 02:53:14'),
(528, '122', 'Brilianto Azhari Suprapto', 'brilianto.azharisuprapto.tik20@mhsw.pnj.ac.id', '180.251.187.99', '2021-07-29 02:53:26', '2021-07-29 02:53:26'),
(529, '113', 'Ryan Hidayat', 'ayenz9079@gmail.com', '114.4.212.183', '2021-07-29 02:53:33', '2021-07-29 02:53:33'),
(530, '126', 'Agitha Nasywa Antawila', 'agitha.nasywaantawila.tik20@mhsw.pnj.ac.id', '111.95.160.96', '2021-07-29 02:53:39', '2021-07-29 02:53:39'),
(531, '116', 'Nurul Amelia Azis', 'nurul.ameliaazis.tik18@mhsw.pnj.ac.id', '114.125.169.26', '2021-07-29 02:53:49', '2021-07-29 02:53:49'),
(532, '122', 'Naufal Athallah Iwel', 'naufal.athallahiwel.tik19@mhsw.pnj.ac.id', '110.137.200.40', '2021-07-29 02:53:53', '2021-07-29 02:53:53'),
(533, '114', 'Dwita Meliani H', 'dwitaharahap1234@gmail.com', '140.213.148.88', '2021-07-29 02:53:55', '2021-07-29 02:53:55'),
(534, '126', 'Mutiara yesica manurung', 'mutiaramanurung@gmail', '182.2.164.123', '2021-07-29 02:53:59', '2021-07-29 02:53:59'),
(535, '104', 'Lily', 'fikrullaily114@gmail.com', '36.68.52.255', '2021-07-29 02:54:01', '2021-07-29 02:54:01'),
(536, '111', 'Lily', 'fikrullaily114@gmail.com', '36.68.52.255', '2021-07-29 02:54:09', '2021-07-29 02:54:09'),
(537, '115', 'Brilianto Azhari Suprapto', 'brilianto.azharisuprapto.tik20@mhsw.pnj.ac.id', '180.251.187.99', '2021-07-29 02:54:22', '2021-07-29 02:54:22'),
(538, '121', 'Rivansa R Ariq', 'rivansa.rifkyariq.tik20@mhsw.pnj.ac.id', '139.192.189.168', '2021-07-29 02:54:28', '2021-07-29 02:54:28'),
(539, '131', 'Brilianto Azhari Suprapto', 'brilianto.azharisuprapto.tik20@mhsw.pnj.ac.id', '180.251.187.99', '2021-07-29 02:54:53', '2021-07-29 02:54:53'),
(540, '79', 'FADILLA RAHIM', 'fadilla.rahim.tik20@mhsw.pnj.ac.id', '114.125.31.239', '2021-07-29 02:54:57', '2021-07-29 02:54:57'),
(541, '112', 'Lingga Fattah Adritama', 'lingga.fattahadritama.tik20@mhsw.pnj.ac.id', '114.4.82.5', '2021-07-29 02:55:06', '2021-07-29 02:55:06'),
(542, '127', 'Agitha Nasywa Antawila', 'agitha.nasywaantawila.tik20@mhsw.pnj.ac.id', '111.95.160.96', '2021-07-29 02:55:07', '2021-07-29 02:55:07'),
(543, '128', 'Brilianto Azhari Suprapto', 'brilianto.azharisuprapto.tik20@mhsw.pnj.ac.id', '180.251.187.99', '2021-07-29 02:55:21', '2021-07-29 02:55:21'),
(544, '122', 'Lingga Fattah Adritama', 'lingga.fattahadritama.tik20@mhsw.pnj.ac.id', '114.4.82.5', '2021-07-29 02:55:28', '2021-07-29 02:55:28'),
(545, '123', 'Brilianto Azhari Suprapto', 'brilianto.azharisuprapto.tik20@mhsw.pnj.ac.id', '180.251.187.99', '2021-07-29 02:55:38', '2021-07-29 02:55:38'),
(546, '109', 'Anisa Dwitama Graduita', 'anisa_dg@apps.ipb.ac.id', '125.164.237.15', '2021-07-29 02:55:46', '2021-07-29 02:55:46'),
(547, '129', 'Hamza Firdaus', 'hamza.firdaus.tik20@mhsw.pnj.ac.id', '149.110.132.89', '2021-07-29 02:56:40', '2021-07-29 02:56:40'),
(548, '131', 'Nadhira Agnissa Azzahrah', 'nadhira.agnissaazzahrah.tik18@mhsw.pnj.ac.id', '112.215.235.221', '2021-07-29 02:56:52', '2021-07-29 02:56:52'),
(549, '118', 'Mochamad Rafly Aditya Firmansyah', 'mochamad.raflyadityafirmansyah.tik18@mhsw.pnj.ac.id', '110.139.248.246', '2021-07-29 02:57:23', '2021-07-29 02:57:23'),
(550, '113', 'Anisa dwitama', 'anisa_dg@apps.ipb.ac.id', '125.164.237.15', '2021-07-29 02:57:33', '2021-07-29 02:57:33'),
(551, '110', 'yahya', 'yahyaayyashhh@gmail.com', '180.252.81.206', '2021-07-29 02:57:40', '2021-07-29 02:57:40'),
(552, '122', 'Muhammad Rafly Sadewa', 'muhammad.raflysadewa.tik17@mhsw.pnj.ac.id', '114.124.180.0', '2021-07-29 02:57:47', '2021-07-29 02:57:47'),
(553, '113', 'Rizky Putri Hanifa', 'rizky.putrihanifa.tik20@mhsw.pnj.ac.id', '120.188.34.182', '2021-07-29 02:58:08', '2021-07-29 02:58:08'),
(554, '114', 'Astri Murdianti', 'astrinurdianti113@gmail.com', '115.178.193.8', '2021-07-29 02:58:22', '2021-07-29 02:58:22'),
(555, '113', 'zarfan fawwaz', 'zarfan.fawwaz@gmail.com', '111.94.14.136', '2021-07-29 02:58:25', '2021-07-29 02:58:25'),
(556, '129', 'adityanurwahyudi', 'aditya.nurwahyudi.tik18@mhsw.pnj.ac.id', '111.94.37.93', '2021-07-29 02:59:44', '2021-07-29 02:59:44'),
(557, '115', 'MUHAMMAD LUTFI PRIHATIN', 'muhammad.lutfiprihatin.tik18@mhsw.pnj.ac.id', '103.119.140.60', '2021-07-29 02:59:53', '2021-07-29 02:59:53'),
(558, '113', 'Herfiana Anggun Mustika Dewi', 'aherfiana53@gmail.com', '114.142.171.21', '2021-07-29 03:00:00', '2021-07-29 03:00:00'),
(559, '129', 'Rohmansyah', 'rohmansyah005@gmail.com', '202.67.36.6', '2021-07-29 03:00:07', '2021-07-29 03:00:07'),
(560, '115', 'aditya nurwahyudi', 'aditya.nurwahyudi.tik18@mhsw.pnj.ac.id', '111.94.37.93', '2021-07-29 03:00:08', '2021-07-29 03:00:08'),
(561, '121', 'Leonardo rheinheart', 'leonardorheinheart@gmail.com', '140.0.40.89', '2021-07-29 03:00:09', '2021-07-29 03:00:09'),
(562, '123', 'Rohmansyah', 'rohmansyah005@gmail.com', '202.67.36.6', '2021-07-29 03:00:25', '2021-07-29 03:00:25'),
(563, '104', 'aditya nurwahyudi', 'aditya.nurwahyudi.tik18@mhsw.pnj.ac.id', '111.94.37.93', '2021-07-29 03:01:13', '2021-07-29 03:01:13'),
(564, '110', 'Muhammad Farid Akbar', 'muhammad.faridakbar.tik18@mhsw.pnj.ac.id', '180.244.169.79', '2021-07-29 03:01:28', '2021-07-29 03:01:28'),
(565, '128', 'Nurul Amelia Azis', 'nurul.ameliaazis.tik18@mhsw.pnj.ac.id', '114.125.169.26', '2021-07-29 03:01:32', '2021-07-29 03:01:32'),
(566, '111', 'Raka Rahadyandani', 'raka.rahadyandani.tik18@mhsw.pnj.ac.id', '124.158.184.110', '2021-07-29 03:01:37', '2021-07-29 03:01:37'),
(567, '79', 'Raka Rahadyandani', 'raka.rahadyandani.tik18@mhsw.pnj.ac.id', '124.158.184.110', '2021-07-29 03:01:50', '2021-07-29 03:01:50'),
(568, '105', 'Segmen', 'Segmen@gmail.com', '27.122.12.249', '2021-07-29 03:02:12', '2021-07-29 03:02:12'),
(569, '102', 'Raka Rahadyandani', 'raka.rahadyandani.tik18@mhsw.pnj.ac.id', '124.158.184.110', '2021-07-29 03:02:22', '2021-07-29 03:02:22'),
(570, '129', 'Dinda Ayu Syafitri', 'dinda.ayusyafitri.tik20@mhsw.pnj.ac.id', '114.124.135.180', '2021-07-29 03:02:32', '2021-07-29 03:02:32'),
(571, '110', 'Raka Rahadyandani', 'raka.rahadyandani.tik18@mhsw.pnj.ac.id', '124.158.184.110', '2021-07-29 03:02:34', '2021-07-29 03:02:34'),
(572, '104', 'Raka Rahadyandani', 'raka.rahadyandani.tik18@mhsw.pnj.ac.id', '124.158.184.110', '2021-07-29 03:02:48', '2021-07-29 03:02:48'),
(573, '107', 'Segmen', 'Segmen@gmail.com', '27.122.12.249', '2021-07-29 03:02:53', '2021-07-29 03:02:53'),
(574, '105', 'Raka Rahadyandani', 'raka.rahadyandani.tik18@mhsw.pnj.ac.id', '124.158.184.110', '2021-07-29 03:02:56', '2021-07-29 03:02:56'),
(575, '107', 'Raka Rahadyandani', 'raka.rahadyandani.tik18@mhsw.pnj.ac.id', '124.158.184.110', '2021-07-29 03:03:03', '2021-07-29 03:03:03'),
(576, '106', 'Raka Rahadyandani', 'raka.rahadyandani.tik18@mhsw.pnj.ac.id', '124.158.184.110', '2021-07-29 03:03:10', '2021-07-29 03:03:10'),
(577, '122', 'Sidqia', 'shidqiazafira@gmail.com', '182.2.132.226', '2021-07-29 03:03:25', '2021-07-29 03:03:25'),
(578, '113', 'Aditya Hermawan', 'adityahermawan0405@gmail.com', '139.193.254.39', '2021-07-29 03:03:53', '2021-07-29 03:03:53'),
(579, '100', 'Bilvan Nabil Laksvian', 'bilvan.nabillaksvian.tik20@mhsw.pnj.ac.id', '110.139.244.242', '2021-07-29 03:04:08', '2021-07-29 03:04:08'),
(580, '79', 'Bilvan Nabil Laksvian', 'bilvan.nabillaksvian.tik20@mhsw.pnj.ac.id', '110.139.244.242', '2021-07-29 03:04:16', '2021-07-29 03:04:16'),
(581, '116', 'Rizky Putri Hanifa', 'rizky.putrihanifa.tik20@mhsw.pnj.ac.id', '120.188.34.182', '2021-07-29 03:04:18', '2021-07-29 03:04:18'),
(582, '102', 'Bilvan Nabil Laksvian', 'bilvan.nabillaksvian.tik20@mhsw.pnj.ac.id', '110.139.244.242', '2021-07-29 03:04:27', '2021-07-29 03:04:27'),
(583, '79', 'Rachma Rinandari', 'rachma.rinandari.tik18@mhsw.pnj.ac.id', '103.119.50.14', '2021-07-29 03:04:32', '2021-07-29 03:04:32'),
(584, '103', 'Bilvan Nabil Laksvian', 'bilvan.nabillaksvian.tik20@mhsw.pnj.ac.id', '110.139.244.242', '2021-07-29 03:04:40', '2021-07-29 03:04:40'),
(585, '102', 'Rachma Rinandari', 'rachma.rinandari.tik18@mhsw.pnj.ac.id', '103.119.50.14', '2021-07-29 03:04:46', '2021-07-29 03:04:46'),
(586, '104', 'Rachma Rinandari', 'rachma.rinandari.tik18@mhsw.pnj.ac.id', '103.119.50.14', '2021-07-29 03:04:56', '2021-07-29 03:04:56'),
(587, '127', 'Arfia Maharani', 'arfia.maharani.tik20@mhsw.pnj.ac.id', '180.252.87.42', '2021-07-29 03:04:59', '2021-07-29 03:04:59'),
(588, '121', 'Rohmansyah', 'rohmansyah005@gmail.com', '202.67.36.6', '2021-07-29 03:05:26', '2021-07-29 03:05:26'),
(589, '100', 'Pomed', 'rizkifum5@gmail.com', '182.0.140.165', '2021-07-29 03:05:27', '2021-07-29 03:05:27'),
(590, '113', 'Arfia Maharani', 'arfia.maharani.tik20@mhsw.pnj.ac.id', '180.252.87.42', '2021-07-29 03:06:00', '2021-07-29 03:06:00'),
(591, '115', 'Renaldi Januari Rizki', 'renaldi.januaririzki.tik18@mhsw.pnj.ac.id', '202.80.212.150', '2021-07-29 03:06:08', '2021-07-29 03:06:08'),
(592, '128', 'Hamza Firdaus', 'hamza.firdaus.tik20@mhsw.pnj.ac.id', '149.110.132.89', '2021-07-29 03:06:20', '2021-07-29 03:06:20'),
(593, '123', 'Hamza Firdaus', 'hamza.firdaus.tik20@mhsw.pnj.ac.id', '149.110.132.89', '2021-07-29 03:06:33', '2021-07-29 03:06:33'),
(594, '113', 'Farid Wisnu Aji', 'farid.wisnuaji.tik19@mhsw.pnj.ac.id', '159.253.145.183', '2021-07-29 03:07:07', '2021-07-29 03:07:07'),
(595, '127', 'Fadhil Fathin Erlanto', 'fadhil.fathinerlanto.tik20@mhsw.pnj.ac.id', '110.138.91.161', '2021-07-29 03:07:39', '2021-07-29 03:07:39'),
(596, '102', 'Latif Ariyadi', 'latifariyadi86@gmail.com', '180.252.163.88', '2021-07-29 03:07:47', '2021-07-29 03:07:47'),
(597, '122', 'Rachma Rinandari', 'rachma.rinandari.tik18@mhsw.pnj.ac.id', '103.119.50.14', '2021-07-29 03:07:49', '2021-07-29 03:07:49'),
(598, '120', 'Fadhil Fathin Erlanto', 'fadhil.fathinerlanto.tik20@mhsw.pnj.ac.id', '110.138.91.161', '2021-07-29 03:07:59', '2021-07-29 03:07:59'),
(599, '113', 'Afandiaziz', 'afandiaziz46@gmail.com', '180.244.169.41', '2021-07-29 03:08:09', '2021-07-29 03:08:09'),
(600, '123', 'Millenia Saharani', 'millenia.saharani.tik20@mhsw.pnj.ac.id', '180.244.172.151', '2021-07-29 03:08:41', '2021-07-29 03:08:41'),
(601, '127', 'Nurul Amelia Azis', 'nurul.ameliaazis.tik18@mhsw.pnj.ac.id', '114.125.169.26', '2021-07-29 03:08:54', '2021-07-29 03:08:54'),
(602, '122', 'Monika Duri', 'monika.duri.tik18@mhsw.pnj.ac.id', '180.244.26.37', '2021-07-29 03:09:11', '2021-07-29 03:09:11'),
(603, '130', 'Nur Fitri Rizki Adinda', 'nurfitriadinda26@gmail.com', '2404:8000:1004:b376:a1a1:7f8d:9794:875b', '2021-07-29 03:09:12', '2021-07-29 03:09:12'),
(604, '125', 'MUHAMMAD LUTFI PRIHATIN', 'muhammad.lutfiprihatin.tik18@mhsw.pnj.ac.id', '103.119.140.60', '2021-07-29 03:09:21', '2021-07-29 03:09:21'),
(605, '112', 'Fadhil Fathin Erlanto', 'fadhil.fathinerlanto.tik20@mhsw.pnj.ac.id', '110.138.91.161', '2021-07-29 03:09:39', '2021-07-29 03:09:39'),
(606, '128', 'Sabtina Delanov Cinta Aira Hasny', 'sabtinahasny1@gmail.com', '103.120.168.53', '2021-07-29 03:09:40', '2021-07-29 03:09:40'),
(607, '113', 'Millenia Saharani', 'millenia.saharani.tik20@mhsw.pnj.ac.id', '180.244.172.151', '2021-07-29 03:09:41', '2021-07-29 03:09:41'),
(608, '122', 'Nur Fitri Rizki Adinda', 'nurfitriadinda26@gmail.com', '2404:8000:1004:b376:a1a1:7f8d:9794:875b', '2021-07-29 03:09:43', '2021-07-29 03:09:43'),
(609, '123', 'Fadhil Fathin Erlanto', 'fadhil.fathinerlanto.tik20@mhsw.pnj.ac.id', '110.138.91.161', '2021-07-29 03:09:53', '2021-07-29 03:09:53'),
(610, '113', 'Nur Fitri Rizki Adinda', 'nurfitriadinda26@gmail.com', '2404:8000:1004:b376:a1a1:7f8d:9794:875b', '2021-07-29 03:10:04', '2021-07-29 03:10:04'),
(611, '130', 'Fadhil Fathin Erlanto', 'fadhil.fathinerlanto.tik20@mhsw.pnj.ac.id', '110.138.91.161', '2021-07-29 03:10:07', '2021-07-29 03:10:07'),
(612, '128', 'Pandu Rifqi Ardiansyah', 'pandu.rifqiardiansyah.tik18@mhsw.pnj.ac.id', '118.136.20.122', '2021-07-29 03:10:24', '2021-07-29 03:10:24'),
(613, '120', 'Laudry', 'laudrymelano53@gmail.com', '103.121.16.112', '2021-07-29 03:11:10', '2021-07-29 03:11:10'),
(614, '121', 'Mahesa', 'mahesa.ramatriwijaya.tik20@mhsw.pnj.ac.id', '110.138.95.4', '2021-07-29 03:11:11', '2021-07-29 03:11:11'),
(615, '121', 'Ananda Nadya Istiqomah', 'Anandanadya9404@gmail.com', '118.137.16.38', '2021-07-29 03:11:19', '2021-07-29 03:11:19'),
(616, '128', 'Arfia Maharani', 'arfia.maharani.tik20@mhsw.pnj.ac.id', '180.252.87.42', '2021-07-29 03:11:24', '2021-07-29 03:11:24'),
(617, '131', 'Arfia Maharani', 'arfia.maharani.tik20@mhsw.pnj.ac.id', '180.252.87.42', '2021-07-29 03:11:45', '2021-07-29 03:11:45'),
(618, '131', 'Fadhil Fathin Erlanto', 'fadhil.fathinerlanto.tik20@mhsw.pnj.ac.id', '110.138.91.161', '2021-07-29 03:11:50', '2021-07-29 03:11:50'),
(619, '115', 'Arfia Maharani', 'arfia.maharani.tik20@mhsw.pnj.ac.id', '180.252.87.42', '2021-07-29 03:12:04', '2021-07-29 03:12:04'),
(621, '128', 'Novita Meganingtias', 'novita.meganingtias.tik18@mhsw.pnj.ac.id', '114.124.142.120', '2021-07-29 03:12:24', '2021-07-29 03:12:24'),
(622, '108', 'Arfia Maharani', 'arfia.maharani.tik20@mhsw.pnj.ac.id', '180.252.87.42', '2021-07-29 03:13:37', '2021-07-29 03:13:37'),
(623, '120', 'Muhammad Fadli Aktsar', 'muhammad.fadliaktsar.tik18@mhsw.pnj.ac.id', '103.121.16.93', '2021-07-29 03:13:50', '2021-07-29 03:13:50'),
(624, '79', 'Alifah Fadiyah', 'alifah.fadiyah.tik19@mhsw.pnj.ac.id', '180.252.103.24', '2021-07-29 03:14:53', '2021-07-29 03:14:53'),
(625, '79', 'Raihan Evanza', 'raihan.evanzatik18@mhsw.pnj.ac.id', '114.124.195.122', '2021-07-29 03:15:04', '2021-07-29 03:15:04'),
(626, '79', 'Vilbert Pranata', 'pranatavilbert@gmail.com', '116.206.31.54', '2021-07-29 03:15:05', '2021-07-29 03:15:05'),
(627, '122', 'Mahesa', 'mahesa.ramatriwijaya.tik20@mhsw.pnj.ac.id', '110.138.95.4', '2021-07-29 03:15:08', '2021-07-29 03:15:08'),
(628, '112', 'Arfia Maharani', 'arfia.maharani.tik20@mhsw.pnj.ac.id', '180.252.87.42', '2021-07-29 03:15:33', '2021-07-29 03:15:33'),
(629, '79', 'Melidini', 'melidininasution25@gmail.com', '120.188.94.49', '2021-07-29 03:15:54', '2021-07-29 03:15:54'),
(630, '127', 'Ramadhan Wahyu Sahputra', 'ramadhan.wahyusahputra.tik20@mhsw.pnj.ac.id', '114.124.195.20', '2021-07-29 03:16:28', '2021-07-29 03:16:28'),
(631, '131', 'Kautsara', 'kautsara.wiratikahadhzanis.tik18@mhsw.pnj.ac.id', '202.80.216.78', '2021-07-29 03:16:39', '2021-07-29 03:16:39'),
(632, '123', 'Gilang Adhi Perkasa', 'gilang.adhiperkasa.tik20@gmail.com', '140.213.35.108', '2021-07-29 03:16:58', '2021-07-29 03:16:58'),
(633, '128', 'Vira Maharani', 'vira.maharaniputri.tik18@mhsw.pnj.ac.id', '182.0.206.60', '2021-07-29 03:17:33', '2021-07-29 03:17:33'),
(634, '102', 'Raihan Evanza', 'raihan.evanzatik18@mhsw.pnj.ac.id', '114.124.195.122', '2021-07-29 03:18:22', '2021-07-29 03:18:22'),
(635, '110', 'Diffa Dhania Arfani', 'diffa.dhaniaarfani.tik18@mhsw.pnj.ac.id', '180.251.191.181', '2021-07-29 03:20:27', '2021-07-29 03:20:27'),
(636, '126', 'Nanda Millenia A', 'nanda.millenia@gmail.com', '103.119.50.51', '2021-07-29 03:20:46', '2021-07-29 03:20:46'),
(637, '104', 'Via Arsita', 'viaarsitas11@gmail.com', '118.136.218.201', '2021-07-29 03:20:59', '2021-07-29 03:20:59'),
(638, '111', 'Diffa Dhania Arfani', 'diffa.dhaniaarfani.tik18@mhsw.pnj.ac.id', '180.251.191.181', '2021-07-29 03:21:09', '2021-07-29 03:21:09'),
(639, '119', 'sebastian', 'sebast769@gmail.com', '180.251.185.232', '2021-07-29 03:21:48', '2021-07-29 03:21:48'),
(640, '121', 'Mikael Bora', 'mikaelbora3@gmail.com', '103.121.23.184', '2021-07-29 03:21:52', '2021-07-29 03:21:52'),
(641, '111', 'Via Arsita', 'viaarsitas11@gmail.com', '118.136.218.201', '2021-07-29 03:21:58', '2021-07-29 03:21:58'),
(642, '103', 'zahira jauza s', 'jszahira28@gmail.com', '45.248.45.99', '2021-07-29 03:22:04', '2021-07-29 03:22:04'),
(643, '102', 'Diffa Dhania Arfani', 'diffa.dhaniaarfani.tik18@mhsw.pnj.ac.id', '180.251.191.181', '2021-07-29 03:22:46', '2021-07-29 03:22:46'),
(644, '79', 'Diffa Dhania Arfani', 'diffa.dhaniaarfani.tik18@mhsw.pnj.ac.id', '180.251.191.181', '2021-07-29 03:22:57', '2021-07-29 03:22:57'),
(645, '128', 'Nadhira Agnissa Azzahrah', 'nadhira.agnissaazzahrah.tik18@mhsw.pnj.ac.id', '112.215.235.221', '2021-07-29 03:22:58', '2021-07-29 03:22:58'),
(646, '119', 'Via Arsita', 'viaarsitas11@gmail.com', '118.136.218.201', '2021-07-29 03:23:20', '2021-07-29 03:23:20'),
(647, '112', 'Mahesa', 'mahesa.ramatriwijaya.tik20@mhsw.pnj.ac.id', '110.138.95.4', '2021-07-29 03:23:34', '2021-07-29 03:23:34'),
(648, '113', 'Deborah Gloria Victory', 'dbrgloriav@gmail.com', '112.215.170.182', '2021-07-29 03:24:04', '2021-07-29 03:24:04'),
(649, '127', 'Nadya Zahra Rahmadani', 'nadya.zahrarahmadani.tik20@mhsw.pnj.ac.id', '116.206.8.24', '2021-07-29 03:24:17', '2021-07-29 03:24:17'),
(650, '127', 'Oktavia Damayanti', 'oktavia.damayanti.an18@mhsw.pnj.ac.id', '114.4.79.14', '2021-07-29 03:25:03', '2021-07-29 03:25:03'),
(651, '113', 'Nadya Zahra Rahmadani', 'nadya.zahrarahmadani.tik20@mhsw.pnj.ac.id', '116.206.8.24', '2021-07-29 03:25:26', '2021-07-29 03:25:26'),
(652, '128', 'muhammad sangaji', 'muhammad.sangaji.tik18@mhsw.pnj.ac.id', '110.138.84.34', '2021-07-29 03:26:38', '2021-07-29 03:26:38'),
(653, '123', 'Ramadhan Wahyu Sahputra', 'ramadhan.wahyusahputra.tik20@mhsw.pnj.ac.id', '114.124.195.20', '2021-07-29 03:27:36', '2021-07-29 03:27:36'),
(654, '79', 'Ramadhan Wahyu Sahputra', 'ramadhan.wahyusahputra.tik20@mhsw.pnj.ac.id', '114.124.195.20', '2021-07-29 03:27:57', '2021-07-29 03:27:57'),
(655, '127', 'Zahwa Audita Syarifatuzahra', 'zahwa.auditasyarifatuzahra.tik20@mhsw.pnj.ac.id', '180.252.174.2', '2021-07-29 03:28:05', '2021-07-29 03:28:05'),
(656, '105', 'Ramadhan Wahyu Sahputra', 'ramadhan.wahyusahputra.tik20@mhsw.pnj.ac.id', '114.124.195.20', '2021-07-29 03:28:05', '2021-07-29 03:28:05'),
(657, '79', 'Anindyanari Diwyajna', 'diwyajnaa@gmail.com', '114.124.147.74', '2021-07-29 03:28:30', '2021-07-29 03:28:30'),
(658, '102', 'Fernandes', 'ferdy.maha@gmail.com', '180.244.171.175', '2021-07-29 03:28:47', '2021-07-29 03:28:47'),
(659, '130', 'muhammad sangaji', 'muhammad.sangaji.tik18@mhsw.pnj.ac.id', '110.138.84.34', '2021-07-29 03:29:00', '2021-07-29 03:29:00'),
(660, '126', 'Zahwa Audita Syarifatuzahra', 'zahwa.auditasyarifatuzahra.tik20@mhsw.pnj.ac.id', '180.252.174.2', '2021-07-29 03:29:05', '2021-07-29 03:29:05'),
(661, '126', 'muhammad sangaji', 'muhammad.sangaji.tik18@mhsw.pnj.ac.id', '110.138.84.34', '2021-07-29 03:29:11', '2021-07-29 03:29:11'),
(662, '113', 'Anindyanari Diwyajna', 'diwyajnaa@gmail.com', '114.124.147.74', '2021-07-29 03:29:19', '2021-07-29 03:29:19'),
(663, '129', 'muhammad sangaji', 'muhammad.sangaji.tik18@mhsw.pnj.ac.id', '110.138.84.34', '2021-07-29 03:29:35', '2021-07-29 03:29:35'),
(664, '127', 'muhammad sangaji', 'muhammad.sangaji.tik18@mhsw.pnj.ac.id', '110.138.84.34', '2021-07-29 03:29:47', '2021-07-29 03:29:47'),
(665, '127', 'Putri Zahara', 'Putri.Zahara.ak18@mhsw.pnj.ac.id', '103.131.108.190', '2021-07-29 03:29:49', '2021-07-29 03:29:49'),
(666, '125', 'muhammad sangaji', 'muhammad.sangaji.tik18@mhsw.pnj.ac.id', '110.138.84.34', '2021-07-29 03:29:53', '2021-07-29 03:29:53'),
(667, '113', 'Firya', 'Firyaamanda0611@gmail.com', '111.94.42.209', '2021-07-29 03:29:56', '2021-07-29 03:29:56'),
(668, '113', 'Fajar maulana', 'fajajar.dc@gmail.com', '2404:8000:1004:b781:e408:490e:798f:78c8', '2021-07-29 03:30:15', '2021-07-29 03:30:15'),
(669, '113', 'adandi', 'adandinugraha9@gmail.com', '125.161.127.146', '2021-07-29 03:30:15', '2021-07-29 03:30:15'),
(670, '110', 'Muhammad Ridwan Ramadhan', 'muhammad.ridwan.tik17@mhsw.pnj.ac.id', '110.138.82.253', '2021-07-29 03:30:20', '2021-07-29 03:30:20'),
(671, '127', 'ivan', 'rizki.ivanfadhilah.tgp19@mhsw.pnj.ac.id', '118.99.107.101', '2021-07-29 03:30:22', '2021-07-29 03:30:22'),
(672, '131', 'Zahwa Audita Syarifatuzahra', 'zahwa.auditasyarifatuzahra.tik20@mhsw.pnj.ac.id', '180.252.174.2', '2021-07-29 03:30:28', '2021-07-29 03:30:28'),
(673, '121', 'Fernandes', 'ferdy.maha@gmail.com', '180.244.171.175', '2021-07-29 03:30:30', '2021-07-29 03:30:30'),
(674, '104', 'Muhammad Ridwan Ramadhan', 'muhammad.ridwan.tik17@mhsw.pnj.ac.id', '110.138.82.253', '2021-07-29 03:30:36', '2021-07-29 03:30:36'),
(675, '129', 'Zahwa Audita Syarifatuzahra', 'zahwa.auditasyarifatuzahra.tik20@mhsw.pnj.ac.id', '180.252.174.2', '2021-07-29 03:30:42', '2021-07-29 03:30:42'),
(676, '121', 'Vina', 'alvinavinna168@gmail.com', '36.77.219.210', '2021-07-29 03:30:50', '2021-07-29 03:30:50'),
(677, '104', 'Raihan Evanza', 'raihan.evanzatik18@mhsw.pnj.ac.id', '114.124.195.122', '2021-07-29 03:30:54', '2021-07-29 03:30:54'),
(678, '120', 'Zahwa Audita Syarifatuzahra', 'zahwa.auditasyarifatuzahra.tik20@mhsw.pnj.ac.id', '180.252.174.2', '2021-07-29 03:31:21', '2021-07-29 03:31:21');
INSERT INTO `votes` (`id`, `id_project`, `name`, `email`, `ipaddress`, `created_at`, `updated_at`) VALUES
(679, '112', 'Zahwa Audita Syarifatuzahra', 'zahwa.auditasyarifatuzahra.tik20@mhsw.pnj.ac.id', '180.252.174.2', '2021-07-29 03:31:45', '2021-07-29 03:31:45'),
(680, '119', 'Verawati', 'verawati568@gmail.com', '103.121.23.82', '2021-07-29 03:31:50', '2021-07-29 03:31:50'),
(681, '102', 'Bunga Kulsum Veriena', 'bunga.kulsumveriena.tik18@mhsw.pnj.ac.id', '140.213.0.56', '2021-07-29 03:32:54', '2021-07-29 03:32:54'),
(682, '79', 'Farid Wisnu Aji', 'farid.wisnuaji.tik19@mhsw.pnj.ac.id', '159.253.145.183', '2021-07-29 03:33:12', '2021-07-29 03:33:12'),
(683, '129', 'Farhan yusuf', 'farhan.yusufjanoputra.tik17@mhsw.ac.id', '139.192.113.234', '2021-07-29 03:34:11', '2021-07-29 03:34:11'),
(684, '100', 'Kezia', 'keziaazaa@gmail.com', '114.124.146.102', '2021-07-29 03:34:32', '2021-07-29 03:34:32'),
(685, '119', 'Hanny', 'hannychairunnisa1999@gmail.com', '124.158.189.25', '2021-07-29 03:34:40', '2021-07-29 03:34:40'),
(686, '79', 'Naufal aulia', 'naufalrex88@gmail.com', '203.130.201.34', '2021-07-29 03:34:47', '2021-07-29 03:34:47'),
(687, '128', 'ade rahma', 'ade.yuly@tik.pnj.ac.id', '180.252.251.97', '2021-07-29 03:35:41', '2021-07-29 03:35:41'),
(688, '128', 'Kautsara', 'kautsara.wiratikahadhzanis.tik18@mhsw.pnj.ac.id', '202.80.216.78', '2021-07-29 03:38:17', '2021-07-29 03:38:17'),
(689, '128', 'Jusso Giordan Jackaria', 'jusso.giordanjackaria.tik18@mhsw.pnj.ac.id', '180.247.112.98', '2021-07-29 03:39:29', '2021-07-29 03:39:29'),
(690, '79', 'Hanny Chairunnisa', 'hannychairunnisa1999@gmail.com', '124.158.189.25', '2021-07-29 03:39:47', '2021-07-29 03:39:47'),
(691, '119', 'Lily', 'fikrullaily114@gmail.com', '36.68.52.255', '2021-07-29 03:39:56', '2021-07-29 03:39:56'),
(692, '116', 'Anggita Rahma Inayatullah', 'anggita.rahmainayatullah.tik19@mhsw.pnj.ac.id', '139.192.123.94', '2021-07-29 03:40:50', '2021-07-29 03:40:50'),
(693, '100', 'Bunga Kulsum Veriena', 'bunga.kulsumveriena.tik18@mhsw.pnj.ac.id', '140.213.0.56', '2021-07-29 03:41:47', '2021-07-29 03:41:47'),
(694, '79', 'Bunga Kulsum Veriena', 'bunga.kulsumveriena.tik18@mhsw.pnj.ac.id', '140.213.0.56', '2021-07-29 03:41:58', '2021-07-29 03:41:58'),
(695, '106', 'Bunga Kulsum Veriena', 'bunga.kulsumveriena.tik18@mhsw.pnj.ac.id', '140.213.0.56', '2021-07-29 03:42:11', '2021-07-29 03:42:11'),
(696, '104', 'Bunga Kulsum Veriena', 'bunga.kulsumveriena.tik18@mhsw.pnj.ac.id', '140.213.0.56', '2021-07-29 03:42:20', '2021-07-29 03:42:20'),
(697, '109', 'Bunga Kulsum Veriena', 'bunga.kulsumveriena.tik18@mhsw.pnj.ac.id', '140.213.0.56', '2021-07-29 03:42:35', '2021-07-29 03:42:35'),
(698, '108', 'Bunga Kulsum Veriena', 'bunga.kulsumveriena.tik18@mhsw.pnj.ac.id', '140.213.0.56', '2021-07-29 03:42:42', '2021-07-29 03:42:42'),
(699, '111', 'Bunga Kulsum Veriena', 'bunga.kulsumveriena.tik18@mhsw.pnj.ac.id', '140.213.0.56', '2021-07-29 03:42:50', '2021-07-29 03:42:50'),
(700, '110', 'Bunga Kulsum Veriena', 'bunga.kulsumveriena.tik18@mhsw.pnj.ac.id', '140.213.0.56', '2021-07-29 03:43:23', '2021-07-29 03:43:23'),
(701, '117', 'Bunga Kulsum Veriena', 'bunga.kulsumveriena.tik18@mhsw.pnj.ac.id', '140.213.0.56', '2021-07-29 03:43:34', '2021-07-29 03:43:34'),
(702, '103', 'Raka Rahadyandani', 'raka.rahadyandani.tik18@mhsw.pnj.ac.id', '124.158.184.110', '2021-07-29 03:43:35', '2021-07-29 03:43:35'),
(703, '113', 'Bunga Kulsum Veriena', 'bunga.kulsumveriena.tik18@mhsw.pnj.ac.id', '140.213.0.56', '2021-07-29 03:43:46', '2021-07-29 03:43:46'),
(704, '114', 'Bunga Kulsum Veriena', 'bunga.kulsumveriena.tik18@mhsw.pnj.ac.id', '140.213.0.56', '2021-07-29 03:43:53', '2021-07-29 03:43:53'),
(705, '127', 'Bintang Akbar Dhia Ijlal', 'bintang.akbardhiaijlal.tik20@mhsw.pnj.ac.id', '27.122.14.39', '2021-07-29 03:44:00', '2021-07-29 03:44:00'),
(706, '116', 'Bunga Kulsum Veriena', 'bunga.kulsumveriena.tik18@mhsw.pnj.ac.id', '140.213.0.56', '2021-07-29 03:44:01', '2021-07-29 03:44:01'),
(707, '132', 'Bunga Kulsum Veriena', 'bunga.kulsumveriena.tik18@mhsw.pnj.ac.id', '140.213.0.56', '2021-07-29 03:44:12', '2021-07-29 03:44:12'),
(708, '119', 'Bunga Kulsum Veriena', 'bunga.kulsumveriena.tik18@mhsw.pnj.ac.id', '140.213.0.56', '2021-07-29 03:44:20', '2021-07-29 03:44:20'),
(709, '118', 'Bunga Kulsum Veriena', 'bunga.kulsumveriena.tik18@mhsw.pnj.ac.id', '140.213.0.56', '2021-07-29 03:44:27', '2021-07-29 03:44:27'),
(710, '123', 'Aldimas Prim', 'aldimas27prim@gmail.com', '139.193.215.228', '2021-07-29 03:44:50', '2021-07-29 03:44:50'),
(711, '125', 'Bunga Kulsum Veriena', 'bunga.kulsumveriena.tik18@mhsw.pnj.ac.id', '140.213.0.56', '2021-07-29 03:45:29', '2021-07-29 03:45:29'),
(712, '123', 'haddad', 'emha.haddad@gmail.com', '116.206.8.45', '2021-07-29 03:45:35', '2021-07-29 03:45:35'),
(713, '127', 'Bunga Kulsum Veriena', 'bunga.kulsumveriena.tik18@mhsw.pnj.ac.id', '140.213.0.56', '2021-07-29 03:46:07', '2021-07-29 03:46:07'),
(714, '120', 'Bunga Kulsum Veriena', 'bunga.kulsumveriena.tik18@mhsw.pnj.ac.id', '140.213.0.56', '2021-07-29 03:46:20', '2021-07-29 03:46:20'),
(715, '121', 'Bunga Kulsum Veriena', 'bunga.kulsumveriena.tik18@mhsw.pnj.ac.id', '140.213.0.56', '2021-07-29 03:46:28', '2021-07-29 03:46:28'),
(716, '122', 'Bunga Kulsum Veriena', 'bunga.kulsumveriena.tik18@mhsw.pnj.ac.id', '140.213.0.56', '2021-07-29 03:46:35', '2021-07-29 03:46:35'),
(717, '122', 'haddad', 'emha.haddad@gmail.com', '116.206.8.45', '2021-07-29 03:46:47', '2021-07-29 03:46:47'),
(718, '112', 'Bunga Kulsum Veriena', 'bunga.kulsumveriena.tik18@mhsw.pnj.ac.id', '140.213.0.56', '2021-07-29 03:46:56', '2021-07-29 03:46:56'),
(719, '115', 'Bunga Kulsum Veriena', 'bunga.kulsumveriena.tik18@mhsw.pnj.ac.id', '140.213.0.56', '2021-07-29 03:47:05', '2021-07-29 03:47:05'),
(720, '124', 'Bunga Kulsum Veriena', 'bunga.kulsumveriena.tik18@mhsw.pnj.ac.id', '140.213.0.56', '2021-07-29 03:47:17', '2021-07-29 03:47:17'),
(721, '129', 'Bunga Kulsum Veriena', 'bunga.kulsumveriena.tik18@mhsw.pnj.ac.id', '140.213.0.56', '2021-07-29 03:47:26', '2021-07-29 03:47:26'),
(722, '129', 'Mahesa', 'mahesa.ramatriwijaya.tik20@mhsw.pnj.ac.id', '110.138.95.4', '2021-07-29 03:47:26', '2021-07-29 03:47:26'),
(723, '131', 'Bunga Kulsum Veriena', 'bunga.kulsumveriena.tik18@mhsw.pnj.ac.id', '140.213.0.56', '2021-07-29 03:47:33', '2021-07-29 03:47:33'),
(724, '113', 'Fahri Ramadhan', 'fahri.ramadhan.tik20@mhsw.pnj.ac.id', '114.124.205.143', '2021-07-29 03:47:40', '2021-07-29 03:47:40'),
(725, '120', 'haddad', 'emha.haddad@gmail.com', '116.206.8.45', '2021-07-29 03:47:43', '2021-07-29 03:47:43'),
(726, '126', 'Bunga Kulsum Veriena', 'bunga.kulsumveriena.tik18@mhsw.pnj.ac.id', '140.213.0.56', '2021-07-29 03:47:48', '2021-07-29 03:47:48'),
(727, '128', 'Bunga Kulsum Veriena', 'bunga.kulsumveriena.tik18@mhsw.pnj.ac.id', '140.213.0.56', '2021-07-29 03:47:57', '2021-07-29 03:47:57'),
(728, '121', 'ika kurnia', 'ikakurniatiarawan@gmail.com', '182.30.62.28', '2021-07-29 03:47:59', '2021-07-29 03:47:59'),
(729, '113', 'Gresia Andayani', 'gresia.andayaniromaulisitorus.tik19@mhsw.pnj.ac.id', '36.80.23.255', '2021-07-29 03:48:01', '2021-07-29 03:48:01'),
(730, '130', 'Bunga Kulsum Veriena', 'bunga.kulsumveriena.tik18@mhsw.pnj.ac.id', '140.213.0.56', '2021-07-29 03:48:05', '2021-07-29 03:48:05'),
(731, '122', 'rafli', 'rafliakbaraudiputra2@gmail.com', '180.252.161.79', '2021-07-29 03:48:07', '2021-07-29 03:48:07'),
(732, '79', 'Eslianti Hutabarat', 'esliantihutabarat10@gmail.com', '182.30.62.28', '2021-07-29 03:48:13', '2021-07-29 03:48:13'),
(733, '123', 'Bunga Kulsum Veriena', 'bunga.kulsumveriena.tik18@mhsw.pnj.ac.id', '140.213.0.56', '2021-07-29 03:48:14', '2021-07-29 03:48:14'),
(734, '100', 'Eslianti Hutabarat', 'esliantihutabarat10@gmail.com', '182.30.62.28', '2021-07-29 03:48:36', '2021-07-29 03:48:36'),
(735, '112', 'Fahri Ramadhan', 'fahri.ramadhan.tik20@mhsw.pnj.ac.id', '114.124.205.143', '2021-07-29 03:48:40', '2021-07-29 03:48:40'),
(736, '79', 'Tika Kartikasari', 'tika.kartikasari.tm19@mhsw.pnj.ac.id', '125.166.213.5', '2021-07-29 03:48:42', '2021-07-29 03:48:42'),
(737, '102', 'Eslianti Hutabarat', 'esliantihutabarat10@gmail.com', '182.30.62.28', '2021-07-29 03:48:48', '2021-07-29 03:48:48'),
(738, '103', 'Eslianti Hutabarat', 'esliantihutabarat10@gmail.com', '182.30.62.28', '2021-07-29 03:48:58', '2021-07-29 03:48:58'),
(739, '104', 'Eslianti Hutabarat', 'esliantihutabarat10@gmail.com', '182.30.62.28', '2021-07-29 03:49:08', '2021-07-29 03:49:08'),
(740, '105', 'Eslianti Hutabarat', 'esliantihutabarat10@gmail.com', '182.30.62.28', '2021-07-29 03:49:20', '2021-07-29 03:49:20'),
(741, '106', 'Eslianti Hutabarat', 'esliantihutabarat10@gmail.com', '182.30.62.28', '2021-07-29 03:49:31', '2021-07-29 03:49:31'),
(742, '107', 'Eslianti Hutabarat', 'esliantihutabarat10@gmail.com', '182.30.62.28', '2021-07-29 03:49:45', '2021-07-29 03:49:45'),
(743, '105', 'Lily', 'fikrullaily114@gmail.com', '36.68.52.255', '2021-07-29 03:49:52', '2021-07-29 03:49:52'),
(744, '108', 'Eslianti Hutabarat', 'esliantihutabarat10@gmail.com', '182.30.62.28', '2021-07-29 03:49:56', '2021-07-29 03:49:56'),
(745, '103', 'Lily', 'fikrullaily114@gmail.com', '36.68.52.255', '2021-07-29 03:50:00', '2021-07-29 03:50:00'),
(746, '109', 'Eslianti Hutabarat', 'esliantihutabarat10@gmail.com', '182.30.62.28', '2021-07-29 03:50:06', '2021-07-29 03:50:06'),
(747, '110', 'Eslianti Hutabarat', 'esliantihutabarat10@gmail.com', '182.30.62.28', '2021-07-29 03:50:15', '2021-07-29 03:50:15'),
(748, '111', 'Eslianti Hutabarat', 'esliantihutabarat10@gmail.com', '182.30.62.28', '2021-07-29 03:50:24', '2021-07-29 03:50:24'),
(749, '113', 'Eslianti Hutabarat', 'esliantihutabarat10@gmail.com', '182.30.62.28', '2021-07-29 03:50:33', '2021-07-29 03:50:33'),
(750, '114', 'Eslianti Hutabarat', 'esliantihutabarat10@gmail.com', '182.30.62.28', '2021-07-29 03:50:40', '2021-07-29 03:50:40'),
(751, '116', 'Eslianti Hutabarat', 'esliantihutabarat10@gmail.com', '182.30.62.28', '2021-07-29 03:50:48', '2021-07-29 03:50:48'),
(752, '127', 'Deb', 'd.eb@live.com', '114.5.242.77', '2021-07-29 03:50:55', '2021-07-29 03:50:55'),
(753, '118', 'Eslianti Hutabarat', 'esliantihutabarat10@gmail.com', '182.30.62.28', '2021-07-29 03:50:58', '2021-07-29 03:50:58'),
(754, '119', 'Eslianti Hutabarat', 'esliantihutabarat10@gmail.com', '182.30.62.28', '2021-07-29 03:51:06', '2021-07-29 03:51:06'),
(755, '132', 'Eslianti Hutabarat', 'esliantihutabarat10@gmail.com', '182.30.62.28', '2021-07-29 03:51:14', '2021-07-29 03:51:14'),
(756, '125', 'Eslianti Hutabarat', 'esliantihutabarat10@gmail.com', '182.30.62.28', '2021-07-29 03:51:23', '2021-07-29 03:51:23'),
(757, '124', 'Mahesa', 'mahesa.ramatriwijaya.tik20@mhsw.pnj.ac.id', '110.138.95.4', '2021-07-29 03:51:25', '2021-07-29 03:51:25'),
(758, '130', 'Eslianti Hutabarat', 'esliantihutabarat10@gmail.com', '182.30.62.28', '2021-07-29 03:51:39', '2021-07-29 03:51:39'),
(759, '131', 'Eslianti Hutabarat', 'esliantihutabarat10@gmail.com', '182.30.62.28', '2021-07-29 03:52:04', '2021-07-29 03:52:04'),
(760, '129', 'Eslianti Hutabarat', 'esliantihutabarat10@gmail.com', '182.30.62.28', '2021-07-29 03:52:14', '2021-07-29 03:52:14'),
(761, '112', 'Eslianti Hutabarat', 'esliantihutabarat10@gmail.com', '182.30.62.28', '2021-07-29 03:52:35', '2021-07-29 03:52:35'),
(762, '118', 'Hanny Chairunnisa', 'hannychairunnisa1999@gmail.com', '124.158.189.25', '2021-07-29 03:53:18', '2021-07-29 03:53:18'),
(763, '116', 'Hanny Chairunnisa', 'hannychairunnisa1999@gmail.com', '124.158.189.25', '2021-07-29 03:53:32', '2021-07-29 03:53:32'),
(764, '102', 'Farid Wisnu Aji', 'farid.wisnuaji.tik19@mhsw.pnj.ac.id', '159.253.145.183', '2021-07-29 03:53:41', '2021-07-29 03:53:41'),
(765, '123', 'Angga Putra', 'anggaputra12@jasapicturebau.com', '180.244.160.130', '2021-07-29 03:53:41', '2021-07-29 03:53:41'),
(766, '122', 'Muhamad Rafi', 'muhammad.basuki.tik17@mhsw.pnj.ac.id', '110.138.91.85', '2021-07-29 03:54:13', '2021-07-29 03:54:13'),
(767, '123', 'Nurul Amelia Azis', 'nurul.ameliaazis.tik18@mhsw.pnj.ac.id', '114.125.169.26', '2021-07-29 03:54:14', '2021-07-29 03:54:14'),
(768, '123', 'dian', 'emangapakagak@gmail.com', '180.244.172.69', '2021-07-29 03:54:35', '2021-07-29 03:54:35'),
(769, '112', 'Rafi ardra', 'ardra.rafi1110@gmail.com', '110.138.91.85', '2021-07-29 03:54:41', '2021-07-29 03:54:41'),
(770, '112', 'Nadya Zahra Rahmadani', 'nadya.zahrarahmadani.tik20@mhsw.pnj.ac.id', '116.206.8.24', '2021-07-29 03:54:47', '2021-07-29 03:54:47'),
(771, '113', 'Syami', 'maulanahisyam777@gmail.com', '180.244.22.81', '2021-07-29 03:55:04', '2021-07-29 03:55:04'),
(772, '116', 'Rivansa R Ariq', 'rivansa.rifkyariq.tik20@mhsw.pnj.ac.id', '139.192.189.168', '2021-07-29 03:56:39', '2021-07-29 03:56:39'),
(773, '129', 'Bintang Akbar Dhia Ijlal', 'bintang.akbardhiaijlal.tik20@mhsw.pnj.ac.id', '27.122.14.39', '2021-07-29 03:57:55', '2021-07-29 03:57:55'),
(774, '131', 'Nadya Zahra Rahmadani', 'nadya.zahrarahmadani.tik20@mhsw.pnj.ac.id', '116.206.8.24', '2021-07-29 03:58:32', '2021-07-29 03:58:32'),
(775, '113', 'Muhammad Ridwan Ramadhan', 'muhammad.ridwan.tik17@mhsw.pnj.ac.id', '110.138.82.253', '2021-07-29 03:58:44', '2021-07-29 03:58:44'),
(776, '112', 'Reza Fahyurisandi', 'rezazer.56@gmail.com', '120.188.35.130', '2021-07-29 03:59:43', '2021-07-29 03:59:43'),
(777, '117', 'Sabili Alfarizi Saputra', 'alfarizysaputra4@gmail.com', '36.90.218.162', '2021-07-29 04:00:36', '2021-07-29 04:00:36'),
(778, '123', 'Bintang Akbar Dhia Ijlal', 'bintang.akbardhiaijlal.tik20@mhsw.pnj.ac.id', '27.122.14.39', '2021-07-29 04:00:44', '2021-07-29 04:00:44'),
(779, '123', 'Nadya Zahra Rahmadani', 'nadya.zahrarahmadani.tik20@mhsw.pnj.ac.id', '116.206.8.24', '2021-07-29 04:00:59', '2021-07-29 04:00:59'),
(780, '107', 'J. D Bacas', 'jahuda.dolfbacas.tik17@mhsw.pnj.ac.id', '180.252.95.33', '2021-07-29 04:01:05', '2021-07-29 04:01:05'),
(781, '121', 'Bintang Akbar Dhia Ijlal', 'bintang.akbardhiaijlal.tik20@mhsw.pnj.ac.id', '27.122.14.39', '2021-07-29 04:01:05', '2021-07-29 04:01:05'),
(782, '129', 'Fauzan Fadhlur Rahman', 'fauzan.fadhlurrahman.tik20@mhsw.pnj.ac.id', '103.78.114.99', '2021-07-29 04:01:30', '2021-07-29 04:01:30'),
(783, '119', 'Hamzah Tsabatul Aqdam', 'hamzah.tsabatulaqdam.tik18@mhsw.pnj.ac.id', '101.128.127.22', '2021-07-29 04:02:41', '2021-07-29 04:02:41'),
(784, '112', 'Muhammad Azmi Rafly', 'azmi@antix.or.id', '180.251.181.23', '2021-07-29 04:03:13', '2021-07-29 04:03:13'),
(785, '120', 'Izdihar Syah Az Ahranie', 'izdihar.syahazahranie.tik20@mhsw.pnj.ac.id', '140.213.0.223', '2021-07-29 04:03:23', '2021-07-29 04:03:23'),
(786, '128', 'Izdihar Syah Az Ahranie', 'izdihar.syahazahranie.tik20@mhsw.pnj.ac.id', '140.213.0.223', '2021-07-29 04:03:59', '2021-07-29 04:03:59'),
(787, '113', 'SandyIswahyudi', 'siswahyudi45@gmail.com', '114.124.166.239', '2021-07-29 04:04:05', '2021-07-29 04:04:05'),
(788, '122', 'Azka Rahmawati', 'siti.hudi.tik17@mhsw.pnj.ac.id', '180.252.95.242', '2021-07-29 04:04:44', '2021-07-29 04:04:44'),
(789, '112', 'Azka Rahmawati', 'siti.hudi.tik17@mhsw.pnj.ac.id', '180.252.95.242', '2021-07-29 04:04:57', '2021-07-29 04:04:57'),
(790, '114', 'Mutiara yesica manurung', 'mutiaramanurung@gmail.com', '182.2.164.123', '2021-07-29 04:05:12', '2021-07-29 04:05:12'),
(791, '121', 'Jovanka Adina', 'jovankasembiring@gmail.com', '180.252.144.98', '2021-07-29 04:05:16', '2021-07-29 04:05:16'),
(792, '131', 'Azka Rahmawati', 'siti.hudi.tik17@mhsw.pnj.ac.id', '180.252.95.242', '2021-07-29 04:05:20', '2021-07-29 04:05:20'),
(793, '79', 'Rico', 'ricomombes777@gmail.com', '124.158.184.104', '2021-07-29 04:05:48', '2021-07-29 04:05:48'),
(794, '121', 'Norist', 'noristhasiando@gmail.com', '114.5.214.21', '2021-07-29 04:06:12', '2021-07-29 04:06:12'),
(795, '128', 'Rafli Dwiaghi Putra Emanda', 'rafli.dwiaghiputraemanda.tik20@mhsw.pnj.ac.id', '123.253.232.119', '2021-07-29 04:06:12', '2021-07-29 04:06:12'),
(796, '114', 'Arisa Putri', 'arisa@itkj.ac.id', '118.99.107.111', '2021-07-29 04:06:40', '2021-07-29 04:06:40'),
(797, '129', 'Anindyanari Diwyajna', 'diwyajnaa@gmail.com', '114.124.147.74', '2021-07-29 04:07:46', '2021-07-29 04:07:46'),
(798, '128', 'Nadya Zahra Rahmadani', 'nadya.zahrarahmadani.tik20@mhsw.pnj.ac.id', '116.206.8.24', '2021-07-29 04:08:53', '2021-07-29 04:08:53'),
(799, '102', 'Fatih Rizqullah', 'fatihrizqullah54@gmail.com', '101.128.119.103', '2021-07-29 04:08:54', '2021-07-29 04:08:54'),
(800, '119', 'Anindyanari Diwyajna', 'diwyajnaa@gmail.com', '114.124.147.74', '2021-07-29 04:09:04', '2021-07-29 04:09:04'),
(801, '114', 'Rio', 'riofransteven@gmail.com', '115.178.192.72', '2021-07-29 04:09:13', '2021-07-29 04:09:13'),
(802, '103', 'Farid Wisnu Aji', 'farid.wisnuaji.tik19@mhsw.pnj.ac.id', '159.253.145.183', '2021-07-29 04:09:25', '2021-07-29 04:09:25'),
(803, '125', 'Fatih Rizqullah', 'fatihrizqullah54@gmail.com', '101.128.119.103', '2021-07-29 04:09:29', '2021-07-29 04:09:29'),
(804, '112', 'Kautsar Arief Mukhsinin', 'kautsar.ariefmukhsinin.tik20@mhsw.pnj.ac.id', '139.0.133.9', '2021-07-29 04:09:38', '2021-07-29 04:09:38'),
(805, '110', 'Putri Nadhirah', 'putri.nadhirah.tik15@mhsw.pnj.ac.id', '122.102.43.70', '2021-07-29 04:09:50', '2021-07-29 04:09:50'),
(806, '112', 'Fatih Rizqullah', 'fatihrizqullah54@gmail.com', '101.128.119.103', '2021-07-29 04:10:17', '2021-07-29 04:10:17'),
(807, '122', 'Nadya Zahra Rahmadani', 'nadya.zahrarahmadani.tik20@mhsw.pnj.ac.id', '116.206.8.24', '2021-07-29 04:10:19', '2021-07-29 04:10:19'),
(808, '131', 'Fatih Rizqullah', 'fatihrizqullah54@gmail.com', '101.128.119.103', '2021-07-29 04:10:33', '2021-07-29 04:10:33'),
(809, '121', 'Esther Novianty', 'noviantyesther@gmail.com', '180.244.168.123', '2021-07-29 04:10:48', '2021-07-29 04:10:48'),
(810, '130', 'Fatih Rizqullah', 'fatihrizqullah54@gmail.com', '101.128.119.103', '2021-07-29 04:11:04', '2021-07-29 04:11:04'),
(811, '123', 'Fatih Rizqullah', 'fatihrizqullah54@gmail.com', '101.128.119.103', '2021-07-29 04:11:15', '2021-07-29 04:11:15'),
(812, '114', 'Yolanda Febriana Sinaga', 'yolanda201902@gmail.com', '114.79.7.114', '2021-07-29 04:14:19', '2021-07-29 04:14:19'),
(813, '131', 'Kautsar Arief Mukhsinin', 'kautsar.ariefmukhsinin.tik20@mhsw.pnj.ac.id', '139.0.133.9', '2021-07-29 04:14:48', '2021-07-29 04:14:48'),
(814, '113', 'zakamaulana', 'zakamaulana277@gmail.com', '168.235.197.229', '2021-07-29 04:15:30', '2021-07-29 04:15:30'),
(815, '113', 'Rhenald Karrel', 'rhenald.karrel.tik19@mhsw.pnj.ac.id', '36.69.220.156', '2021-07-29 04:16:13', '2021-07-29 04:16:13'),
(816, '127', 'Nasywa Kamilah Marbun', 'nasywa.kamilahmarbun.tik20@mhsw.pnj.ac.id', '110.137.206.33', '2021-07-29 04:17:22', '2021-07-29 04:17:22'),
(817, '120', 'Nadya Zahra Rahmadani', 'nadya.zahrarahmadani.tik20@mhsw.pnj.ac.id', '116.206.8.24', '2021-07-29 04:18:45', '2021-07-29 04:18:45'),
(818, '113', 'Luthfi Fachruddin', 'luthfi_fachru@apps.ipb.ac.id', '180.214.233.92', '2021-07-29 04:18:59', '2021-07-29 04:18:59'),
(819, '129', 'Rizqa Lathifah', 'rizqalathifah@gmail.com', '103.66.197.26', '2021-07-29 04:19:19', '2021-07-29 04:19:19'),
(820, '113', 'Lazizah', 'lazizatulakmaliyah@gmail.com', '180.245.11.32', '2021-07-29 04:20:16', '2021-07-29 04:20:16'),
(821, '129', 'Tiara', 'tiara.hanapratiwi.tik18@mhsw.pnj.ac.id', '202.80.219.43', '2021-07-29 04:21:56', '2021-07-29 04:21:56'),
(822, '127', 'Farid Wisnu Aji', 'farid.wisnuaji.tik19@mhsw.pnj.ac.id', '159.253.145.183', '2021-07-29 04:22:12', '2021-07-29 04:22:12'),
(823, '113', 'Nurhazizah', 'hazizah587@gmail.com', '180.254.70.33', '2021-07-29 04:22:14', '2021-07-29 04:22:14'),
(824, '113', 'Reni Rosspertiwi', 'renirossp@gmail.com', '36.70.171.175', '2021-07-29 04:22:19', '2021-07-29 04:22:19'),
(825, '131', 'Vira Maharani', 'vira.maharaniputri.tik18@mhsw.pnj.ac.id', '182.0.207.40', '2021-07-29 04:22:24', '2021-07-29 04:22:24'),
(826, '79', 'Sri Hafni', 'hafni.0211@gmail.com', '118.136.206.162', '2021-07-29 04:22:39', '2021-07-29 04:22:39'),
(827, '113', 'Millenia Riza', 'mzastaa@gmail.com', '140.213.214.115', '2021-07-29 04:22:52', '2021-07-29 04:22:52'),
(828, '100', 'Sri Hafni', 'hafni.0211@gmail.com', '118.136.206.162', '2021-07-29 04:23:14', '2021-07-29 04:23:14'),
(829, '113', 'Sri Hafni', 'hafni.0211@gmail.com', '118.136.206.162', '2021-07-29 04:24:14', '2021-07-29 04:24:14'),
(830, '113', 'Vidya Setianti Wulandari', 'vidyasetiantiwulandari@gmail.com', '120.188.82.8', '2021-07-29 04:24:36', '2021-07-29 04:24:36'),
(831, '115', 'Bintang Akbar Dhia Ijlal', 'bintang.akbardhiaijlal.tik20@mhsw.pnj.ac.id', '27.122.14.39', '2021-07-29 04:25:26', '2021-07-29 04:25:26'),
(832, '125', 'fera wahyuni', 'ferawahyuni08@gmail.com', '116.206.8.11', '2021-07-29 04:26:27', '2021-07-29 04:26:27'),
(833, '125', 'Monica Cristiana Mofu', 'monicacristianamofu@gmail.com', '110.138.84.65', '2021-07-29 04:26:39', '2021-07-29 04:26:39'),
(834, '132', 'Monica Cristiana Mofu', 'mofumonica@gmail.com', '110.138.84.65', '2021-07-29 04:27:00', '2021-07-29 04:27:00'),
(835, '119', 'Monica Cristiana Mofu', 'mofumonica@gmail.com', '110.138.84.65', '2021-07-29 04:27:15', '2021-07-29 04:27:15'),
(836, '127', 'Monica Cristiana Mofu', 'mofumonica@gmail.com', '110.138.84.65', '2021-07-29 04:27:39', '2021-07-29 04:27:39'),
(837, '122', 'Monica Cristiana Mofu', 'mofumonica@gmail.com', '110.138.84.65', '2021-07-29 04:28:00', '2021-07-29 04:28:00'),
(838, '112', 'Monica Cristiana Mofu', 'mofumonica@gmail.com', '110.138.84.65', '2021-07-29 04:28:11', '2021-07-29 04:28:11'),
(839, '131', 'Monica Cristiana Mofu', 'mofumonica@gmail.com', '110.138.84.65', '2021-07-29 04:28:41', '2021-07-29 04:28:41'),
(840, '126', 'Monica Cristiana Mofu', 'mofumonica@gmail.com', '110.138.84.65', '2021-07-29 04:28:53', '2021-07-29 04:28:53'),
(841, '128', 'Monica Cristiana Mofu', 'mofumonica@gmail.com', '110.138.84.65', '2021-07-29 04:29:04', '2021-07-29 04:29:04'),
(842, '123', 'Monica Cristiana Mofu', 'mofumonica@gmail.com', '110.138.84.65', '2021-07-29 04:29:20', '2021-07-29 04:29:20'),
(843, '121', 'Monica Cristiana Mofu', 'mofumonica@gmail.com', '110.138.84.65', '2021-07-29 04:30:19', '2021-07-29 04:30:19'),
(844, '113', 'Winda Novianti', 'Wndnvnt@gmail.com', '180.214.232.76', '2021-07-29 04:31:37', '2021-07-29 04:31:37'),
(845, '128', 'MUHAMMAD LUTFI PRIHATIN', 'muhammad.lutfiprihatin.tik18@mhsw.pnj.ac.id', '103.119.140.60', '2021-07-29 04:31:51', '2021-07-29 04:31:51'),
(846, '118', 'zulfah', 'zulfah.fauziah.tik18@mhsw.pnj.ac.id', '175.158.43.35', '2021-07-29 04:33:21', '2021-07-29 04:33:21'),
(847, '109', 'Aditta Nia Rahayu', 'niarahayuaditta@gmail.com', '118.137.143.168', '2021-07-29 04:34:09', '2021-07-29 04:34:09'),
(848, '108', 'Lukito priramadhan hajid', 'lukito.priramadhanhajid.tik17@mhsw.pnj.ac.id', '118.136.242.91', '2021-07-29 04:34:57', '2021-07-29 04:34:57'),
(849, '122', 'Nila Puspita', 'nila.puspita.tik20@hmsw.pnj.ac.id', '114.4.83.37', '2021-07-29 04:36:15', '2021-07-29 04:36:15'),
(850, '127', 'farhan', 'iozypnj@gmail.com', '116.206.29.14', '2021-07-29 04:36:31', '2021-07-29 04:36:31'),
(851, '123', 'Muhammad Fadli Aktsar', 'muhammad.fadliaktsar.tik18@mhsw.pnj.ac.id', '103.121.16.93', '2021-07-29 04:36:51', '2021-07-29 04:36:51'),
(852, '114', 'Tian Diva Artha Mevia', 'tiandiva2003@gmail.com', '36.83.190.4', '2021-07-29 04:37:15', '2021-07-29 04:37:15'),
(853, '121', 'Farid Wisnu Aji', 'farid.wisnuaji.tik19@mhsw.pnj.ac.id', '159.253.145.183', '2021-07-29 04:39:01', '2021-07-29 04:39:01'),
(854, '122', 'siti nurhaliza', '08127', '202.67.45.39', '2021-07-29 04:40:15', '2021-07-29 04:40:15'),
(855, '129', 'EuisAli', 'euis.oktavianti@tik.pnj.ac.id', '180.252.255.140', '2021-07-29 04:42:45', '2021-07-29 04:42:45'),
(856, '112', 'Arif Setiawan', 'astwn1104@gmail.com', '120.188.6.68', '2021-07-29 04:43:48', '2021-07-29 04:43:48'),
(857, '114', 'siti nurhaliza', '081276725792', '202.67.45.39', '2021-07-29 04:44:00', '2021-07-29 04:44:00'),
(858, '103', 'Errico Evando Ramli', 'erricoevando.ramli.tik18@mhsw.pnj.ac.id', '101.128.119.254', '2021-07-29 04:44:51', '2021-07-29 04:44:51'),
(859, '128', 'Ilham K', 'ilham.kusumaningpratama.tik18@mhsw.pnj.ac.id', '119.110.81.162', '2021-07-29 04:45:57', '2021-07-29 04:45:57'),
(860, '112', 'Gama Agung Budiono Priatno', 'gama.agungbudionopriatno.tik16@mhsw.pnj.ac.id', '116.206.9.2', '2021-07-29 04:46:58', '2021-07-29 04:46:58'),
(861, '121', 'Mohammad Azri Khairuddin', 'mohammad.azrikhairuddin.tik18@mhsw.pnj.ac.id', '103.120.168.16', '2021-07-29 04:48:14', '2021-07-29 04:48:14'),
(862, '111', 'Reza Nova P', 'reza.novapradito.tik18@mhsw.pnj.ac.id', '124.158.184.108', '2021-07-29 04:48:29', '2021-07-29 04:48:29'),
(863, '115', 'Dorothy Lorenzia Sionita', 'lorenziadorothy@gmail.com', '110.138.129.53', '2021-07-29 04:49:45', '2021-07-29 04:49:45'),
(864, '113', 'Muhammad Ary Fauzan', 'muhammad.ary@pssi.org', '116.206.8.51', '2021-07-29 04:49:51', '2021-07-29 04:49:51'),
(865, '125', 'Fitriyani', 'fy967112@gmail.com', '182.2.133.138', '2021-07-29 04:49:55', '2021-07-29 04:49:55'),
(866, '104', 'EuisAli', 'euis.oktavianti@tik.pnj.ac.id', '180.252.255.140', '2021-07-29 04:50:10', '2021-07-29 04:50:10'),
(867, '112', 'Dorothy Lorenzia Sionita', 'lorenziadorothy@gmail.com', '110.138.129.53', '2021-07-29 04:50:14', '2021-07-29 04:50:14'),
(868, '126', 'Nisrina Hasna M', 'nisrina.hasnamunifah.an18@mhsw.pnj.ac.id', '180.252.162.179', '2021-07-29 04:50:34', '2021-07-29 04:50:34'),
(869, '103', 'Dina nurhayati', 'dina.nurhayati@syariahbukopin.com', '114.124.207.5', '2021-07-29 04:50:35', '2021-07-29 04:50:35'),
(870, '127', 'FansteinM', 'fanstein38@gmail.com', '111.94.35.58', '2021-07-29 04:50:43', '2021-07-29 04:50:43'),
(871, '128', 'FansteinM', 'fanstein38@gmail.com', '111.94.35.58', '2021-07-29 04:51:05', '2021-07-29 04:51:05'),
(872, '112', 'dwika nur ridlo robby', 'dwikanurgilang@gmail.com', '36.70.190.121', '2021-07-29 04:51:13', '2021-07-29 04:51:13'),
(873, '127', 'Rana Maheswari Ummairah', 'rana.maheswariummairah.tgp19@mhsw.pnj.ac.id', '114.124.195.134', '2021-07-29 04:51:46', '2021-07-29 04:51:46'),
(874, '116', 'zulfah', 'zulfah.fauziah.tik18@mhsw.pnj.ac.id', '175.158.43.35', '2021-07-29 04:51:54', '2021-07-29 04:51:54'),
(875, '131', 'Yoga Aditia Gustira', 'yoga.aditiagustira.tik18@mhsw.pnj.ac.id', '182.2.132.58', '2021-07-29 04:53:12', '2021-07-29 04:53:12'),
(876, '112', 'farhan ramadhan', 'ramadhanf1397@gmail.com', '202.75.18.138', '2021-07-29 04:53:52', '2021-07-29 04:53:52'),
(877, '121', 'zulfah', 'zulfah.fauziah.tik18@mhsw.pnj.ac.id', '175.158.43.35', '2021-07-29 04:54:19', '2021-07-29 04:54:19'),
(878, '118', 'Mas Brillianesa Faydhurrahman', 'mas.brillianesafaydhurrahman.tik18@mhsw.pnj.ac.id', '27.131.1.1', '2021-07-29 04:55:29', '2021-07-29 04:55:29'),
(879, '116', 'Mas Brillianesa Faydhurrahman', 'mas.brillianesafaydhurrahman.tik18@mhsw.pnj.ac.id', '27.131.1.1', '2021-07-29 04:55:40', '2021-07-29 04:55:40'),
(880, '121', 'Mas Brillianesa Faydhurrahman', 'mas.brillianesafaydhurrahman.tik18@mhsw.pnj.ac.id', '27.131.1.1', '2021-07-29 04:56:14', '2021-07-29 04:56:14'),
(881, '112', 'Annabella Medina Aisyah', 'annabella.medinaaisyah.tik16@mhsw.pnj.ac.id', '103.82.15.201', '2021-07-29 04:56:27', '2021-07-29 04:56:27'),
(882, '100', 'Rezky', 'riskyanto.js@gmail.com', '123.253.235.69', '2021-07-29 04:57:09', '2021-07-29 04:57:09'),
(883, '125', 'Peby', 'pebbypa@gmail.com', '118.136.177.209', '2021-07-29 04:57:23', '2021-07-29 04:57:23'),
(884, '113', 'Rezky', 'riskyanto.js@gmail.com', '123.253.235.69', '2021-07-29 04:58:28', '2021-07-29 04:58:28'),
(885, '119', 'Rezky', 'riskyanto.js@gmail.com', '123.253.235.69', '2021-07-29 04:59:13', '2021-07-29 04:59:13'),
(886, '116', 'Laudry', 'laudry.melano.tik18@mhsw.pnj.ac.id', '103.121.16.112', '2021-07-29 05:01:21', '2021-07-29 05:01:21'),
(887, '116', 'Ristan Alfatha Aditara', 'ristan.alfathaaditara.tik18@mhsw.pnj.ac.id', '180.241.36.127', '2021-07-29 05:01:38', '2021-07-29 05:01:38'),
(888, '114', 'Nur Hafiza', 'nurhafiza364@gmail.com', '115.178.192.46', '2021-07-29 05:01:38', '2021-07-29 05:01:38'),
(889, '125', 'Rezky', 'riskyanto.js@gmail.com', '123.253.235.69', '2021-07-29 05:02:19', '2021-07-29 05:02:19'),
(890, '113', 'Mollis S Hajarwati', 'Mollisshwww@gmail.com', '182.2.166.14', '2021-07-29 05:03:30', '2021-07-29 05:03:30'),
(891, '122', 'Farid Wisnu Aji', 'farid.wisnuaji.tik19@mhsw.pnj.ac.id', '159.253.145.183', '2021-07-29 05:05:53', '2021-07-29 05:05:53'),
(892, '117', 'Hamzah Tsabatul Aqdam', 'hamzah.tsabatulaqdam.tik18@mhsw.pnj.ac.id', '101.128.127.22', '2021-07-29 05:06:13', '2021-07-29 05:06:13'),
(893, '112', 'Sandra Nurtaminingsih', 'sandranurtami11@gmail.com', '114.124.149.60', '2021-07-29 05:06:30', '2021-07-29 05:06:30'),
(894, '114', 'Putri melita', 'putrimelitasimanjuntak@gmail.com', '36.68.16.254', '2021-07-29 05:07:28', '2021-07-29 05:07:28'),
(895, '126', 'Rezky', 'riskyanto.js@gmail.com', '123.253.235.69', '2021-07-29 05:08:04', '2021-07-29 05:08:04'),
(896, '128', 'Cerah Ayunda', 'cerahayundap@gmail.com', '180.252.94.210', '2021-07-29 05:08:36', '2021-07-29 05:08:36'),
(897, '125', 'Dita', 'pradiptaaw21@gmail.com', '180.251.188.195', '2021-07-29 05:10:26', '2021-07-29 05:10:26'),
(898, '116', 'Muhammad Rienaldi', 'muhammad.rienaldimuharam.tik19@mhsw.pnj.ac.id', '182.2.169.84', '2021-07-29 05:10:26', '2021-07-29 05:10:26'),
(899, '112', 'MUHAMMAD IRSYAD FIRDAUS', 'mirsyadfir@gmail.com', '180.252.47.76', '2021-07-29 05:11:46', '2021-07-29 05:11:46'),
(900, '110', 'Afandi Aziz', 'afandiaziz46@gmail.com', '180.244.169.41', '2021-07-29 05:11:50', '2021-07-29 05:11:50'),
(901, '130', 'Helmi Prayudy', 'prayudy98@gmail.com', '110.137.201.249', '2021-07-29 05:16:08', '2021-07-29 05:16:08'),
(902, '108', 'Deotama', 'onlyforfunn16@gmail.com', '103.121.23.61', '2021-07-29 05:18:48', '2021-07-29 05:18:48'),
(903, '110', 'Muhammad Faris', 'muhammad.faris.tik18@mhsw.pnj.ac.id', '180.252.90.105', '2021-07-29 05:19:17', '2021-07-29 05:19:17'),
(904, '113', 'Izzudin Alqosam', 'izzudinalqosam13@gmail.com', '118.99.107.120', '2021-07-29 05:29:00', '2021-07-29 05:29:00'),
(905, '104', 'Daffa Rozano', 'daffarozano@gmail.com', '120.188.6.161', '2021-07-29 05:30:10', '2021-07-29 05:30:10'),
(906, '79', 'Daffa Rozano', 'daffarozano@gmail.com', '120.188.6.161', '2021-07-29 05:30:37', '2021-07-29 05:30:37'),
(907, '102', 'Daffa Rozano', 'daffarozano@gmail.com', '120.188.6.161', '2021-07-29 05:30:44', '2021-07-29 05:30:44'),
(908, '111', 'Daffa Rozano', 'daffarozano@gmail.com', '120.188.6.161', '2021-07-29 05:31:06', '2021-07-29 05:31:06'),
(909, '110', 'Daffa Rozano', 'daffarozano@gmail.com', '120.188.6.161', '2021-07-29 05:31:12', '2021-07-29 05:31:12'),
(910, '116', 'Daffa Rozano', 'daffarozano@gmail.com', '120.188.6.161', '2021-07-29 05:31:22', '2021-07-29 05:31:22'),
(911, '125', 'safina', 'safinatunnajah02@gmail.com', '114.4.83.8', '2021-07-29 05:31:28', '2021-07-29 05:31:28'),
(912, '112', 'Fauziah Isma', 'fauziahisma444@gmail.com', '180.242.155.198', '2021-07-29 05:32:45', '2021-07-29 05:32:45'),
(913, '125', 'Daffa Rozano', 'daffarozano@gmail.com', '120.188.6.161', '2021-07-29 05:33:07', '2021-07-29 05:33:07'),
(914, '103', 'Arivatul Isnaini', 'arivatul.isnaini.an18@mhsw.pnj.ac.id', '103.119.50.10', '2021-07-29 05:33:10', '2021-07-29 05:33:10'),
(915, '122', 'Daffa Rozano', 'daffarozano@gmail.com', '120.188.6.161', '2021-07-29 05:33:25', '2021-07-29 05:33:25'),
(916, '115', 'Daffa Rozano', 'daffarozano@gmail.com', '120.188.6.161', '2021-07-29 05:33:36', '2021-07-29 05:33:36'),
(917, '112', 'Daffa Rozano', 'daffarozano@gmail.com', '120.188.6.161', '2021-07-29 05:33:45', '2021-07-29 05:33:45'),
(918, '131', 'Daffa Rozano', 'daffarozano@gmail.com', '120.188.6.161', '2021-07-29 05:34:04', '2021-07-29 05:34:04'),
(919, '120', 'Haddad', 'hadaddaffa01@gmail.com', '36.69.186.250', '2021-07-29 05:34:25', '2021-07-29 05:34:25'),
(920, '121', 'Haddad', 'hadaddaffa01@gmail.com', '36.69.186.250', '2021-07-29 05:34:34', '2021-07-29 05:34:34'),
(921, '125', 'Ardine Luqmanul hakim', 'ardinekim3@gmail.com', '140.213.13.56', '2021-07-29 05:34:35', '2021-07-29 05:34:35'),
(922, '122', 'Haddad', 'hadaddaffa01@gmail.com', '36.69.186.250', '2021-07-29 05:34:49', '2021-07-29 05:34:49'),
(923, '108', 'Rafly Muzady', 'rafly.muzady@yahoo.com', '125.167.190.8', '2021-07-29 05:36:10', '2021-07-29 05:36:10'),
(924, '112', 'Rachman Hanafi', 'rhanafi63@gmail.com', '114.5.212.107', '2021-07-29 05:36:12', '2021-07-29 05:36:12'),
(925, '112', 'Muhammad Fatih Fahroji', 'fatihfahroji10@gmail.com', '139.192.225.102', '2021-07-29 05:38:12', '2021-07-29 05:38:12'),
(926, '125', 'Kinan', 'kinantiasriastari@gmail.com', '114.124.195.129', '2021-07-29 05:40:57', '2021-07-29 05:40:57'),
(927, '124', 'Abdul Hafidz Alifuddin', 'ah.alifuddin@yahoo.com', '180.243.2.215', '2021-07-29 05:41:55', '2021-07-29 05:41:55'),
(928, '114', 'Fatimah Tuzahrah', 'fatimah.tuzahrah.tik18@mhsw.pnj.ac.id', '110.138.87.23', '2021-07-29 05:43:42', '2021-07-29 05:43:42'),
(929, '113', 'Fatimah Tuzahrah', 'fatimah.tuzahrah.tik18@mhsw.pnj.ac.id', '110.138.87.23', '2021-07-29 05:44:02', '2021-07-29 05:44:02'),
(930, '127', 'Fatimah Tuzahrah', 'fatimah.tuzahrah.tik18@mhsw.pnj.ac.id', '110.138.87.23', '2021-07-29 05:44:46', '2021-07-29 05:44:46'),
(931, '125', 'Fatimah Tuzahrah', 'fatimah.tuzahrah.tik18@mhsw.pnj.ac.id', '110.138.87.23', '2021-07-29 05:45:01', '2021-07-29 05:45:01'),
(932, '114', 'tempataman', 'tempataman7@gmail.com', '180.244.22.81', '2021-07-29 05:45:28', '2021-07-29 05:45:28'),
(933, '121', 'Fatimah Tuzahrah', 'fatimah.tuzahrah.tik18@mhsw.pnj.ac.id', '110.138.87.23', '2021-07-29 05:45:39', '2021-07-29 05:45:39'),
(934, '120', 'Fatimah Tuzahrah', 'fatimah.tuzahrah.tik18@mhsw.pnj.ac.id', '110.138.87.23', '2021-07-29 05:45:50', '2021-07-29 05:45:50'),
(935, '115', 'Fatimah Tuzahrah', 'fatimah.tuzahrah.tik18@mhsw.pnj.ac.id', '110.138.87.23', '2021-07-29 05:46:08', '2021-07-29 05:46:08'),
(936, '112', 'Fatimah Tuzahrah', 'fatimah.tuzahrah.tik18@mhsw.pnj.ac.id', '110.138.87.23', '2021-07-29 05:46:19', '2021-07-29 05:46:19'),
(937, '124', 'Fatimah Tuzahrah', 'fatimah.tuzahrah.tik18@mhsw.pnj.ac.id', '110.138.87.23', '2021-07-29 05:46:39', '2021-07-29 05:46:39'),
(938, '131', 'Fatimah Tuzahrah', 'fatimah.tuzahrah.tik18@mhsw.pnj.ac.id', '110.138.87.23', '2021-07-29 05:46:49', '2021-07-29 05:46:49'),
(939, '126', 'Fatimah Tuzahrah', 'fatimah.tuzahrah.tik18@mhsw.pnj.ac.id', '110.138.87.23', '2021-07-29 05:47:07', '2021-07-29 05:47:07'),
(940, '129', 'Nissa Yoan Afriandina', 'nissa.yoanafriandina.ts18@mhsw.pnj.ac.id', '103.121.16.79', '2021-07-29 05:47:26', '2021-07-29 05:47:26'),
(941, '128', 'Fatimah Tuzahrah', 'fatimah.tuzahrah.tik18@mhsw.pnj.ac.id', '110.138.87.23', '2021-07-29 05:47:44', '2021-07-29 05:47:44'),
(942, '130', 'Fatimah Tuzahrah', 'fatimah.tuzahrah.tik18@mhsw.pnj.ac.id', '110.138.87.23', '2021-07-29 05:47:59', '2021-07-29 05:47:59'),
(943, '123', 'Fatimah Tuzahrah', 'fatimah.tuzahrah.tik18@mhsw.pnj.ac.id', '110.138.87.23', '2021-07-29 05:48:15', '2021-07-29 05:48:15'),
(944, '130', 'Abu Dzar', 'newdzar@gmail.com', '116.206.12.50', '2021-07-29 05:50:48', '2021-07-29 05:50:48'),
(945, '131', 'Abu Dzar', 'newdzar@gmail.com', '116.206.12.50', '2021-07-29 05:50:59', '2021-07-29 05:50:59'),
(946, '124', 'Fadhli Haris Sandi', 'harissandi01@gmail.com', '110.138.83.15', '2021-07-29 05:51:20', '2021-07-29 05:51:20'),
(947, '112', 'Noviana Adelita Rahmawan', 'novianaadelitar0611@gmail.com', '125.162.180.238', '2021-07-29 05:51:29', '2021-07-29 05:51:29'),
(948, '122', 'MUHAMMAD LUTFI PRIHATIN', 'muhammad.lutfiprihatin.tik18@mhsw.pnj.ac.id', '103.119.140.60', '2021-07-29 05:52:18', '2021-07-29 05:52:18'),
(949, '102', 'Richa', 'richasd3@gmail.com', '103.120.170.5', '2021-07-29 05:55:19', '2021-07-29 05:55:19'),
(950, '104', 'Richa', 'richasd3@gmail.com', '103.120.170.5', '2021-07-29 05:55:32', '2021-07-29 05:55:32'),
(951, '112', 'Richa', 'richasd3@gmail.com', '103.120.170.5', '2021-07-29 05:56:21', '2021-07-29 05:56:21'),
(952, '113', 'Luthfi Ibnu', 'luthfiibnu7@gmail.com', '180.252.126.166', '2021-07-29 05:56:28', '2021-07-29 05:56:28'),
(953, '128', 'Richa', 'richasd3@gmail.com', '103.120.170.5', '2021-07-29 05:56:44', '2021-07-29 05:56:44'),
(954, '124', 'Rafirzha Fahar', 'rafirzhafahar@gmail.com', '114.124.170.140', '2021-07-29 06:01:54', '2021-07-29 06:01:54'),
(955, '113', 'Andriyanto', 'andryntoo@gmail.com', '180.243.5.124', '2021-07-29 06:02:16', '2021-07-29 06:02:16'),
(956, '125', 'Aryanah Fitria Cahyani', 'aryanahfitria@gmail.com', '180.252.80.210', '2021-07-29 06:05:14', '2021-07-29 06:05:14'),
(957, '113', 'Ristan Alfatha Aditara', 'ristan.alfathaaditara.tik18@mhsw.pnj.ac.id', '180.241.36.127', '2021-07-29 06:07:16', '2021-07-29 06:07:16'),
(958, '112', 'Ristan Alfatha Aditara', 'ristan.alfathaaditara.tik18@mhsw.pnj.ac.id', '180.241.36.127', '2021-07-29 06:08:30', '2021-07-29 06:08:30'),
(959, '112', 'Brandhana Fajri Sulistiono', 'brandhana.fajri@gmail.com', '180.244.162.255', '2021-07-29 06:08:39', '2021-07-29 06:08:39'),
(960, '131', 'Said ahmad', 'said.ahmad.abdullah.tik19@mhsw.pnj.ac.id', '180.244.170.6', '2021-07-29 06:10:01', '2021-07-29 06:10:01'),
(961, '112', 'Alvi', 'alvirahmatullahakbar25@gmail.com', '110.138.83.138', '2021-07-29 06:13:04', '2021-07-29 06:13:04'),
(962, '113', 'Vanessa', 'vannrhyn26@gmail.com', '182.0.171.182', '2021-07-29 06:13:16', '2021-07-29 06:13:16'),
(963, '130', 'Nia', 'niasafitri98@gmail.com', '110.137.194.110', '2021-07-29 06:13:48', '2021-07-29 06:13:48'),
(964, '129', 'Nia', 'niasafitri98@gmail.com', '110.137.194.110', '2021-07-29 06:14:04', '2021-07-29 06:14:04'),
(965, '127', 'Nadia Sanubari', 'nadia.sanubari.ak18@mhsw.pnj.ac.id', '114.124.195.114', '2021-07-29 06:16:40', '2021-07-29 06:16:40'),
(966, '115', 'Muhammad Rifqi', 'mrifqi717@gmail.com', '110.137.192.183', '2021-07-29 06:18:31', '2021-07-29 06:18:31'),
(967, '113', 'Divya Regina Adha', 'divyaadha15@gmail.com', '103.120.168.2', '2021-07-29 06:19:19', '2021-07-29 06:19:19'),
(968, '113', 'syifa', 'syifafadia30@gmail.com', '36.69.230.66', '2021-07-29 06:19:51', '2021-07-29 06:19:51'),
(969, '103', 'Ahmad Deni Wahyudi', 'ahmad.deniwahyudi.tik18@mhsw.pnj.ac.id', '125.166.223.152', '2021-07-29 06:20:35', '2021-07-29 06:20:35'),
(970, '106', 'Ahmad Deni Wahyudi', 'ahmad.deniwahyudi.tik18@mhsw.pnj.ac.id', '125.166.223.152', '2021-07-29 06:21:00', '2021-07-29 06:21:00'),
(971, '103', 'Janita F Mewengkang Sirait', 'janitagojek@gmail.com', '118.137.21.149', '2021-07-29 06:21:25', '2021-07-29 06:21:25'),
(972, '79', 'Nayla shofiya', 'naylashfy@gmail.com', '110.138.82.53', '2021-07-29 06:23:54', '2021-07-29 06:23:54'),
(973, '116', 'Farel Nuzhul Shadique', 'shadique.fn@gmail.com', '111.95.237.248', '2021-07-29 06:23:59', '2021-07-29 06:23:59'),
(974, '114', 'adit', 'aditya13244@gmail.com', '36.71.236.18', '2021-07-29 06:24:06', '2021-07-29 06:24:06'),
(975, '113', 'Muhammad Ali Mustar', 'muhammadalimustar2@gmail.com', '116.206.8.59', '2021-07-29 06:24:12', '2021-07-29 06:24:12'),
(976, '113', 'Delvi Fitrianti', 'delvifitrianti08@gmail.com', '115.178.213.117', '2021-07-29 06:25:54', '2021-07-29 06:25:54'),
(977, '113', 'Agungsugiarto', 'seorangsenimanagungsugiarto@gmail.com', '120.188.7.217', '2021-07-29 06:26:29', '2021-07-29 06:26:29'),
(978, '117', 'Agungsugiarto', 'seorangsenimanagungsugiarto@gmail.com', '120.188.7.217', '2021-07-29 06:27:15', '2021-07-29 06:27:15'),
(979, '100', 'Naifa', 'nisriynaifakah@gmail.com', '110.138.131.20', '2021-07-29 06:27:20', '2021-07-29 06:27:20'),
(980, '113', 'Naifa', 'nisriynaifakah@gmail.com', '110.138.131.20', '2021-07-29 06:27:51', '2021-07-29 06:27:51'),
(981, '113', 'Humairo Husnul', 'humairohk3105@gmail.com', '180.252.127.60', '2021-07-29 06:29:11', '2021-07-29 06:29:11'),
(982, '113', 'Farah Rizqia Ch', 'farahrizqiarizqia@gmail.com', '124.158.184.194', '2021-07-29 06:29:31', '2021-07-29 06:29:31'),
(983, '124', 'Cantas Navaz Putra', 'cantasputra@gmail.com', '158.140.162.235', '2021-07-29 06:30:15', '2021-07-29 06:30:15'),
(984, '126', 'Ayu', 'ayuhasniahfabianty@gmail.com', '114.122.104.126', '2021-07-29 06:31:50', '2021-07-29 06:31:50'),
(985, '117', 'nuzhul', 'farelnuzhul@gmail.com', '111.95.237.248', '2021-07-29 06:36:06', '2021-07-29 06:36:06'),
(986, '106', 'Uci', 'lusianalam@gmail.com', '116.206.8.41', '2021-07-29 06:40:07', '2021-07-29 06:40:07'),
(987, '122', 'Muhammad Akbar', 'akbar382043@gmail.com', '125.165.154.33', '2021-07-29 06:41:31', '2021-07-29 06:41:31'),
(988, '113', 'nayla', 'ayu.nayla0805@gmail.com', '120.188.93.230', '2021-07-29 06:43:07', '2021-07-29 06:43:07'),
(989, '102', 'Hazman', 'hazmanhatadi17@gmail.com', '36.84.191.86', '2021-07-29 06:43:47', '2021-07-29 06:43:47'),
(990, '123', 'Taufik Hidayat', 'th26545@gmail.com', '182.1.46.238', '2021-07-29 06:44:35', '2021-07-29 06:44:35'),
(991, '123', 'Dian Indah R', 'dianindahrhy06@gmail.com', '111.94.42.106', '2021-07-29 06:44:56', '2021-07-29 06:44:56'),
(992, '130', 'Wahyu Dwi Janarko', 'dijection.tmd.pnj@gmail.com', '182.253.124.102', '2021-07-29 06:45:08', '2021-07-29 06:45:08'),
(993, '79', 'Zahwa Anjani', 'zahwa.alifiyah@gmail.com', '140.213.201.81', '2021-07-29 06:45:48', '2021-07-29 06:45:48'),
(994, '100', 'Zahwa Anjani', 'zahwa.alifiyah@gmail.com', '140.213.201.81', '2021-07-29 06:46:11', '2021-07-29 06:46:11'),
(995, '111', 'Rachma Rinandari', 'rachma.rinandari.tik18@mhsw.pnj.ac.id', '103.119.50.14', '2021-07-29 06:46:45', '2021-07-29 06:46:45'),
(996, '122', 'Iga Yusdisti', 'iga.yusdisti.tik19@mhsw.pnj.ac.id', '180.214.232.79', '2021-07-29 06:47:47', '2021-07-29 06:47:47'),
(997, '132', 'Samuel', 'samuel.yosivan.tik18@mhsw.pnj.ac.id', '182.2.138.125', '2021-07-29 06:50:42', '2021-07-29 06:50:42'),
(998, '112', 'Khairunnisa Odfi', 'khairunnisaodfi13@gmail.com', '149.110.16.134', '2021-07-29 06:52:39', '2021-07-29 06:52:39'),
(999, '126', 'Chandra Halim', 'chalim181@gmail.com', '180.244.161.38', '2021-07-29 06:53:51', '2021-07-29 06:53:51'),
(1000, '79', 'Errico Evando Ramli', 'erricoevando.ramli.tik18@mhsw.pnj.ac.id', '101.128.119.254', '2021-07-29 06:55:03', '2021-07-29 06:55:03'),
(1001, '115', 'Khairunnisa Odfi', 'khairunnisaodfi13@gmail.com', '149.110.16.134', '2021-07-29 06:55:22', '2021-07-29 06:55:22'),
(1002, '127', 'Lily', 'fikrullaily114@gmail.com', '36.68.52.255', '2021-07-29 06:57:13', '2021-07-29 06:57:13'),
(1003, '123', 'Sukma Hadi Novandi', 'sukmahadinovandi11@gmail.com', '120.188.66.37', '2021-07-29 06:57:23', '2021-07-29 06:57:23'),
(1004, '79', 'Monika Duri', 'monika.duri.tik18@mhsw.pnj.ac.id', '180.244.26.37', '2021-07-29 06:57:23', '2021-07-29 06:57:23'),
(1005, '110', 'Lily', 'fikrullaily114@gmail.com', '36.68.52.255', '2021-07-29 07:07:00', '2021-07-29 07:07:00'),
(1006, '128', 'Wahyu Dwi Janarko', 'dijection.tmd.pnj@gmail.com', '182.253.124.102', '2021-07-29 07:08:19', '2021-07-29 07:08:19'),
(1007, '123', 'reza airlangga', 'rezairlangga33@gmail.com', '149.110.8.105', '2021-07-29 07:12:04', '2021-07-29 07:12:04'),
(1008, '79', 'Akbar Prakasa', 'akbarhavok@yahoo.com', '125.160.237.114', '2021-07-29 07:19:38', '2021-07-29 07:19:38'),
(1009, '113', 'Rangga Indrawan', 'rangga.indrawan.tik18@mhsw.pnj.ac.id', '180.252.93.25', '2021-07-29 07:19:42', '2021-07-29 07:19:42'),
(1010, '122', 'Rangga Indrawan', 'rangga.indrawan.tik18@mhsw.pnj.ac.id', '180.252.93.25', '2021-07-29 07:23:59', '2021-07-29 07:23:59'),
(1011, '127', 'Hilda', 'hildayuliantiyani@gmail.com', '114.124.171.19', '2021-07-29 07:25:06', '2021-07-29 07:25:06'),
(1012, '120', 'Hanny Chairunnisa', 'hannychairunnisa1999@gmail.com', '124.158.189.25', '2021-07-29 07:25:17', '2021-07-29 07:25:17'),
(1013, '121', 'Hanny Chairunnisa', 'hannychairunnisa1999@gmail.com', '124.158.189.25', '2021-07-29 07:25:28', '2021-07-29 07:25:28'),
(1014, '122', 'Hanny Chairunnisa', 'hannychairunnisa1999@gmail.com', '124.158.189.25', '2021-07-29 07:25:38', '2021-07-29 07:25:38'),
(1015, '117', 'Hanny Chairunnisa', 'hannychairunnisa1999@gmail.com', '124.158.189.25', '2021-07-29 07:26:43', '2021-07-29 07:26:43'),
(1016, '123', 'Hanny Chairunnisa', 'hannychairunnisa1999@gmail.com', '124.158.189.25', '2021-07-29 07:26:59', '2021-07-29 07:26:59'),
(1017, '79', 'juni d', 'juni.dhamayanti@gmail.com', '180.252.117.55', '2021-07-29 07:31:02', '2021-07-29 07:31:02'),
(1018, '122', 'Muhammad Yasser Adha', 'myadha15@gmail.com', '139.255.143.69', '2021-07-29 07:34:02', '2021-07-29 07:34:02'),
(1019, '79', 'A Rafiq Abdillah', 'rofiqabdillah@gmail.com', '114.10.9.1', '2021-07-29 07:37:43', '2021-07-29 07:37:43'),
(1020, '127', 'Muhammad Ridwan Ramadhan', 'muhammad.ridwan.tik17@mhsw.pnj.ac.id', '110.138.82.253', '2021-07-29 07:40:12', '2021-07-29 07:40:12'),
(1021, '105', 'Yahiro Ifu', 'yahiroifu@gmail.com', '125.166.223.152', '2021-07-29 07:41:28', '2021-07-29 07:41:28'),
(1022, '79', 'Widya Manoch', 'manochwidya@gmail.com', '118.136.71.62', '2021-07-29 07:42:13', '2021-07-29 07:42:13'),
(1023, '79', 'Dede Abdul Aziz', 'dede.aziz3@gmail.com', '182.2.37.193', '2021-07-29 07:46:17', '2021-07-29 07:46:17'),
(1024, '79', 'Luluk Eka Wardhanni', 'lulukekawardhanni@gmail.com', '114.5.242.155', '2021-07-29 07:47:54', '2021-07-29 07:47:54'),
(1025, '79', 'Mochamad Adam Agiyansyah', 'adamagiyansyah@gmail.com', '36.65.250.94', '2021-07-29 07:49:18', '2021-07-29 07:49:18'),
(1026, '79', 'Riri', 'riramadhani26@gmail.com', '116.206.29.68', '2021-07-29 07:51:02', '2021-07-29 07:51:02'),
(1027, '79', 'Riska Nyari Utami', 'halloriska@gmail.com', '111.95.70.47', '2021-07-29 07:53:59', '2021-07-29 07:53:59'),
(1028, '126', 'adzra', 'adzraarinaa@gmail.com', '114.124.142.227', '2021-07-29 07:58:48', '2021-07-29 07:58:48'),
(1029, '130', 'Annissa', 'nisaanissaa@gmail.com', '120.188.4.14', '2021-07-29 08:01:07', '2021-07-29 08:01:07'),
(1030, '128', 'Annissa', 'nisaanissaa@gmail.com', '120.188.4.14', '2021-07-29 08:01:18', '2021-07-29 08:01:18'),
(1031, '126', 'Annissa', 'nisaanissaa@gmail.com', '120.188.4.14', '2021-07-29 08:01:25', '2021-07-29 08:01:25'),
(1032, '129', 'Annissa', 'nisaanissaa@gmail.com', '120.188.4.14', '2021-07-29 08:01:34', '2021-07-29 08:01:34'),
(1033, '130', 'Vira Maharani', 'vira.maharaniputri.tik18@mhsw.pnj.ac.id', '182.0.204.168', '2021-07-29 08:01:36', '2021-07-29 08:01:36'),
(1034, '131', 'Annissa', 'nisaanissaa@gmail.com', '120.188.4.14', '2021-07-29 08:02:01', '2021-07-29 08:02:01'),
(1035, '127', 'Annissa', 'nisaanissaa@gmail.com', '120.188.4.14', '2021-07-29 08:02:35', '2021-07-29 08:02:35'),
(1036, '131', 'aulia windy', 'aulia.windyagfiyarishaahrip.tik18@mhsw.pnj.ac.id', '118.98.253.157', '2021-07-29 08:03:06', '2021-07-29 08:03:06'),
(1037, '114', 'Zira', 'ziraulina10@gmail.com', '182.1.47.223', '2021-07-29 08:05:12', '2021-07-29 08:05:12'),
(1038, '79', 'Mochamad basofi', 'basofi160894', '114.10.8.121', '2021-07-29 08:06:29', '2021-07-29 08:06:29'),
(1039, '112', 'Raihantika', 'raihantikadwi@gmail.com', '180.252.82.180', '2021-07-29 08:09:57', '2021-07-29 08:09:57'),
(1040, '113', 'Gifa Munib Rabbani', 'gifamunib69@gmail.com', '61.94.102.24', '2021-07-29 08:17:11', '2021-07-29 08:17:11'),
(1041, '102', 'BRIGITA PRICILIA', 'brigita.priciliaariyantoputri.tik20@mhsw.ac.id', '111.94.160.140', '2021-07-29 08:19:13', '2021-07-29 08:19:13'),
(1042, '127', 'Nadhira Agnissa Azzahrah', 'nadhira.agnissaazzahrah.tik18@mhsw.pnj.ac.id', '112.215.235.221', '2021-07-29 08:20:34', '2021-07-29 08:20:34'),
(1043, '127', 'Vira Maharani', 'vira.maharaniputri.tik18@mhsw.pnj.ac.id', '182.0.204.168', '2021-07-29 08:20:36', '2021-07-29 08:20:36'),
(1044, '79', 'Muhammad Ridwan Ramadhan', 'muhammad.ridwan.tik17@mhsw.pnj.ac.id', '110.138.82.253', '2021-07-29 08:21:17', '2021-07-29 08:21:17'),
(1045, '102', 'Muhammad Ridwan Ramadhan', 'muhammad.ridwan.tik17@mhsw.pnj.ac.id', '110.138.82.253', '2021-07-29 08:21:32', '2021-07-29 08:21:32'),
(1046, '111', 'Muhammad Ridwan Ramadhan', 'muhammad.ridwan.tik17@mhsw.pnj.ac.id', '110.138.82.253', '2021-07-29 08:21:44', '2021-07-29 08:21:44'),
(1047, '123', 'Geraldine Agusta', 'geraldineak@gmail.com', '103.78.25.250', '2021-07-29 08:22:16', '2021-07-29 08:22:16'),
(1048, '110', 'Geraldine Agusta', 'geraldineak@gmail.com', '103.78.25.250', '2021-07-29 08:22:25', '2021-07-29 08:22:25'),
(1049, '113', 'Geraldine Agusta', 'geraldineak@gmail.com', '103.78.25.250', '2021-07-29 08:22:34', '2021-07-29 08:22:34'),
(1050, '121', 'Vine Carolina', 'vinecarolina84@gmail.com', '103.228.119.180', '2021-07-29 08:24:10', '2021-07-29 08:24:10'),
(1051, '112', 'Ahmad', 'amaatjufri@gmail.com', '103.78.114.39', '2021-07-29 08:27:13', '2021-07-29 08:27:13'),
(1052, '79', 'sheilla', 'sheilla.rizkysaputri.tik18@mhsw.pnj.ac.id', '202.80.213.24', '2021-07-29 08:27:46', '2021-07-29 08:27:46'),
(1053, '110', 'sheilla', 'sheilla.rizkysaputri.tik18@mhsw.pnj.ac.id', '202.80.213.24', '2021-07-29 08:28:02', '2021-07-29 08:28:02'),
(1054, '111', 'sheilla', 'sheilla.rizkysaputri.tik18@mhsw.pnj.ac.id', '202.80.213.24', '2021-07-29 08:28:22', '2021-07-29 08:28:22'),
(1055, '127', 'Sinta', 'sinta.amelia.ak18@mhsw.pnj.ac.id', '114.124.241.47', '2021-07-29 08:28:50', '2021-07-29 08:28:50'),
(1056, '79', 'Edi', 'lowdefencenine@gmail.com', '114.5.109.108', '2021-07-29 08:34:34', '2021-07-29 08:34:34'),
(1057, '110', 'Afrizal Khoirudin', 'afrizalkhoirudin820@gmail.com', '114.124.228.242', '2021-07-29 08:35:32', '2021-07-29 08:35:32'),
(1058, '123', 'Agung wicaksono', 'agung.wicaksono.tik17@mhsw.pnj.ac.id', '118.136.235.116', '2021-07-29 08:35:48', '2021-07-29 08:35:48'),
(1059, '125', 'BRIGITA PRICILIA', 'brigita.priciliaariyantoputri.tik20@mhsw.ac.id', '111.94.160.140', '2021-07-29 08:36:50', '2021-07-29 08:36:50'),
(1060, '122', 'BRIGITA PRICILIA', 'brigita.priciliaariyantoputri.tik20@mhsw.ac.id', '111.94.160.140', '2021-07-29 08:38:41', '2021-07-29 08:38:41'),
(1061, '128', 'Errico Evando Ramli', 'erricoevando.ramli.tik18@mhsw.pnj.ac.id', '101.128.119.254', '2021-07-29 08:39:19', '2021-07-29 08:39:19'),
(1062, '122', 'Alifa Salsabila Deshendra', 'alifa.salsabila02@gmail.com', '114.122.44.173', '2021-07-29 08:45:42', '2021-07-29 08:45:42'),
(1063, '131', 'BRIGITA PRICILIA', 'brigita.priciliaariyantoputri.tik20@mhsw.ac.id', '111.94.160.140', '2021-07-29 08:48:42', '2021-07-29 08:48:42'),
(1064, '127', 'Jusso Gioedan Jackaria', 'jusso.giordanjackaria.tik18@mhsw.pnj.ac.id', '36.74.163.132', '2021-07-29 08:48:50', '2021-07-29 08:48:50'),
(1065, '126', 'Salwa Azkia Baderan', 'salwaazkia3@gmail.com', '36.79.136.16', '2021-07-29 08:49:30', '2021-07-29 08:49:30'),
(1066, '112', 'Evan S. Anggara', 'evnggr@gmail.com', '125.161.192.211', '2021-07-29 08:50:30', '2021-07-29 08:50:30'),
(1067, '128', 'BRIGITA PRICILIA', 'brigita.priciliaariyantoputri.tik20@mhsw.ac.id', '111.94.160.140', '2021-07-29 08:51:37', '2021-07-29 08:51:37'),
(1068, '123', 'Ahmed Rayhan Primadedas', 'rayhanprima99@gmail.com', '182.2.170.66', '2021-07-29 08:51:51', '2021-07-29 08:51:51');
INSERT INTO `votes` (`id`, `id_project`, `name`, `email`, `ipaddress`, `created_at`, `updated_at`) VALUES
(1069, '132', 'Dafiq Tri Wicaksono', 'dafiq.triwicaksono.tik18@mhsw.pnj.ac.id', '110.138.89.157', '2021-07-29 08:53:37', '2021-07-29 08:53:37'),
(1070, '132', 'hasya afifah', 'hasya.afifahkhairunnisa.tik18@mhsw.pnj.ac.id', '202.80.217.134', '2021-07-29 08:53:51', '2021-07-29 08:53:51'),
(1071, '113', 'Samuel', 'samuel.yosivan.tik18@mhsw.pnj.ac.id', '182.2.138.125', '2021-07-29 08:54:04', '2021-07-29 08:54:04'),
(1072, '114', 'Samuel', 'samuel.yosivan.tik18@mhsw.pnj.ac.id', '182.2.138.125', '2021-07-29 08:54:24', '2021-07-29 08:54:24'),
(1073, '113', 'Maulidah Fitriah', 'maulidf11@gmail.com', '180.214.232.89', '2021-07-29 08:59:26', '2021-07-29 08:59:26'),
(1074, '122', 'Afrizal Khoirudin', 'afrizalkhoirudin820@gmail.com', '114.124.228.242', '2021-07-29 09:01:16', '2021-07-29 09:01:16'),
(1075, '114', 'Tabitha', 'tabitharadottia@gmail.com', '182.1.44.209', '2021-07-29 09:04:56', '2021-07-29 09:04:56'),
(1076, '112', 'Dian Arianto', 'dian9395@gmail.com', '114.5.214.151', '2021-07-29 09:07:09', '2021-07-29 09:07:09'),
(1077, '129', 'Ade Akbar', 'ade.akbaradhinugraha.tik18@mhsw.pnj.ac.id', '120.188.37.150', '2021-07-29 09:09:50', '2021-07-29 09:09:50'),
(1078, '131', 'Ade Akbar', 'ade.akbaradhinugraha.tik18@mhsw.pnj.ac.id', '120.188.37.150', '2021-07-29 09:10:02', '2021-07-29 09:10:02'),
(1079, '79', 'Danang Rizki Fadhlulrahmansyah', 'danang.rizki@ui.ac.id', '125.166.28.147', '2021-07-29 09:10:16', '2021-07-29 09:10:16'),
(1080, '128', 'Ade Akbar', 'ade.akbaradhinugraha.tik18@mhsw.pnj.ac.id', '120.188.37.150', '2021-07-29 09:10:19', '2021-07-29 09:10:19'),
(1081, '126', 'Ade Akbar', 'ade.akbaradhinugraha.tik18@mhsw.pnj.ac.id', '120.188.37.150', '2021-07-29 09:10:28', '2021-07-29 09:10:28'),
(1082, '130', 'Ade Akbar', 'ade.akbaradhinugraha.tik18@mhsw.pnj.ac.id', '120.188.37.150', '2021-07-29 09:10:35', '2021-07-29 09:10:35'),
(1083, '129', 'Vira Maharani', 'vira.maharaniputri.tik18@mhsw.pnj.ac.id', '182.0.204.168', '2021-07-29 09:11:27', '2021-07-29 09:11:27'),
(1084, '125', 'Ade Akbar', 'ade.akbaradhinugraha.tik18@mhsw.pnj.ac.id', '120.188.37.150', '2021-07-29 09:14:23', '2021-07-29 09:14:23'),
(1085, '127', 'Ade Akbar', 'ade.akbaradhinugraha.tik18@mhsw.pnj.ac.id', '120.188.37.150', '2021-07-29 09:14:28', '2021-07-29 09:14:28'),
(1086, '79', 'Noval hadriawan', 'novalhdr@student.telkomuniveristy.ac.id', '125.166.51.10', '2021-07-29 09:17:49', '2021-07-29 09:17:49'),
(1087, '119', '-', 'akusukamakan@gmail.com', '103.125.56.42', '2021-07-29 09:18:01', '2021-07-29 09:18:01'),
(1088, '113', 'Mabizard', 'muhammadabizard05@gmail.com', '182.0.171.102', '2021-07-29 09:18:06', '2021-07-29 09:18:06'),
(1089, '79', 'Azmi Hasna Azkiya', 'azzkiyaazzahra@gmail.com', '182.0.170.42', '2021-07-29 09:28:12', '2021-07-29 09:28:12'),
(1090, '79', 'Ananda Riza Pratomo', 'anandariza1001@gmail.com', '139.0.76.207', '2021-07-29 09:32:03', '2021-07-29 09:32:03'),
(1091, '79', 'Siti Zahra kurni', 'sitizahrakurni73@gmail.com', '120.188.92.92', '2021-07-29 09:34:56', '2021-07-29 09:34:56'),
(1092, '79', 'Siti juwariyah', 'siti.juwariyah74@gmail.com', '182.0.138.96', '2021-07-29 09:35:15', '2021-07-29 09:35:15'),
(1093, '123', 'Nurussaadaturrahmah', 'saadaturrahmah@gmail.com', '114.79.7.16', '2021-07-29 09:38:52', '2021-07-29 09:38:52'),
(1094, '113', 'Anggit', '2010711080@mahasiswa.upnvj.ac.id', '103.78.115.6', '2021-07-29 09:39:35', '2021-07-29 09:39:35'),
(1095, '110', 'Azmi', 'azmiariyanti890@gmail.com', '168.235.197.46', '2021-07-29 09:40:35', '2021-07-29 09:40:35'),
(1096, '113', 'Azmi', 'azmiariyanti890@gmail.com', '168.235.197.46', '2021-07-29 09:40:46', '2021-07-29 09:40:46'),
(1097, '79', 'Agustin', 'agustin.galuhhadiyanti.tik20@mhsw.pnj.ac.id', '139.0.223.58', '2021-07-29 09:41:03', '2021-07-29 09:41:03'),
(1098, '116', 'Dita', 'dita.nurhayati.tik17@mhsw.pnj.ac.id', '120.188.2.207', '2021-07-29 09:41:09', '2021-07-29 09:41:09'),
(1099, '102', 'Agustin', 'agustin.galuhhadiyanti.tik20@mhsw.pnj.ac.id', '139.0.223.58', '2021-07-29 09:41:18', '2021-07-29 09:41:18'),
(1100, '104', 'Agustin', 'agustin.galuhhadiyanti.tik20@mhsw.pnj.ac.id', '139.0.223.58', '2021-07-29 09:41:29', '2021-07-29 09:41:29'),
(1101, '79', 'Dita', 'dita.nurhayati.tik17@mhsw.pnj.ac.id', '120.188.2.207', '2021-07-29 09:41:39', '2021-07-29 09:41:39'),
(1102, '79', 'Imun Maemunah', 'maemunahimun86@gmail.com', '101.128.125.244', '2021-07-29 09:41:48', '2021-07-29 09:41:48'),
(1103, '100', 'Dita', 'dita.nurhayati.tik17@mhsw.pnj.ac.id', '120.188.2.207', '2021-07-29 09:41:53', '2021-07-29 09:41:53'),
(1104, '102', 'Dita', 'dita.nurhayati.tik17@mhsw.pnj.ac.id', '120.188.2.207', '2021-07-29 09:42:03', '2021-07-29 09:42:03'),
(1105, '103', 'Dita', 'dita.nurhayati.tik17@mhsw.pnj.ac.id', '120.188.2.207', '2021-07-29 09:42:13', '2021-07-29 09:42:13'),
(1106, '104', 'Dita', 'dita.nurhayati.tik17@mhsw.pnj.ac.id', '120.188.2.207', '2021-07-29 09:42:22', '2021-07-29 09:42:22'),
(1107, '105', 'Dita', 'dita.nurhayati.tik17@mhsw.pnj.ac.id', '120.188.2.207', '2021-07-29 09:42:35', '2021-07-29 09:42:35'),
(1108, '106', 'Dita', 'dita.nurhayati.tik17@mhsw.pnj.ac.id', '120.188.2.207', '2021-07-29 09:42:42', '2021-07-29 09:42:42'),
(1109, '107', 'Dita', 'dita.nurhayati.tik17@mhsw.pnj.ac.id', '120.188.2.207', '2021-07-29 09:42:50', '2021-07-29 09:42:50'),
(1110, '108', 'Dita', 'dita.nurhayati.tik17@mhsw.pnj.ac.id', '120.188.2.207', '2021-07-29 09:42:58', '2021-07-29 09:42:58'),
(1111, '109', 'Dita', 'dita.nurhayati.tik17@mhsw.pnj.ac.id', '120.188.2.207', '2021-07-29 09:43:13', '2021-07-29 09:43:13'),
(1112, '79', 'Najla Tahani Ekaputri', 'najlatahaniputri@gmail.com', '175.158.54.27', '2021-07-29 09:43:14', '2021-07-29 09:43:14'),
(1113, '110', 'Dita', 'dita.nurhayati.tik17@mhsw.pnj.ac.id', '120.188.2.207', '2021-07-29 09:43:22', '2021-07-29 09:43:22'),
(1114, '111', 'Dita', 'dita.nurhayati.tik17@mhsw.pnj.ac.id', '120.188.2.207', '2021-07-29 09:43:30', '2021-07-29 09:43:30'),
(1115, '113', 'Dita', 'dita.nurhayati.tik17@mhsw.pnj.ac.id', '120.188.2.207', '2021-07-29 09:43:43', '2021-07-29 09:43:43'),
(1116, '114', 'Dita', 'dita.nurhayati.tik17@mhsw.pnj.ac.id', '120.188.2.207', '2021-07-29 09:43:50', '2021-07-29 09:43:50'),
(1117, '79', 'daffa athafitra', 'dathafitra@Gmail.com', '111.95.131.220', '2021-07-29 09:43:58', '2021-07-29 09:43:58'),
(1118, '117', 'Dita', 'dita.nurhayati.tik17@mhsw.pnj.ac.id', '120.188.2.207', '2021-07-29 09:44:03', '2021-07-29 09:44:03'),
(1119, '118', 'Dita', 'dita.nurhayati.tik17@mhsw.pnj.ac.id', '120.188.2.207', '2021-07-29 09:44:11', '2021-07-29 09:44:11'),
(1120, '119', 'Dita', 'dita.nurhayati.tik17@mhsw.pnj.ac.id', '120.188.2.207', '2021-07-29 09:44:19', '2021-07-29 09:44:19'),
(1121, '132', 'Dita', 'dita.nurhayati.tik17@mhsw.pnj.ac.id', '120.188.2.207', '2021-07-29 09:44:28', '2021-07-29 09:44:28'),
(1122, '125', 'Dita', 'dita.nurhayati.tik17@mhsw.pnj.ac.id', '120.188.2.207', '2021-07-29 09:44:36', '2021-07-29 09:44:36'),
(1123, '127', 'Dita', 'dita.nurhayati.tik17@mhsw.pnj.ac.id', '120.188.2.207', '2021-07-29 09:44:46', '2021-07-29 09:44:46'),
(1124, '120', 'Dita', 'dita.nurhayati.tik17@mhsw.pnj.ac.id', '120.188.2.207', '2021-07-29 09:44:54', '2021-07-29 09:44:54'),
(1125, '121', 'Dita', 'dita.nurhayati.tik17@mhsw.pnj.ac.id', '120.188.2.207', '2021-07-29 09:45:03', '2021-07-29 09:45:03'),
(1126, '113', 'Galuh', 'galuhardhya2020@gmail.com', '139.193.52.224', '2021-07-29 09:45:09', '2021-07-29 09:45:09'),
(1127, '122', 'Dita', 'dita.nurhayati.tik17@mhsw.pnj.ac.id', '120.188.2.207', '2021-07-29 09:45:11', '2021-07-29 09:45:11'),
(1128, '112', 'Dita', 'dita.nurhayati.tik17@mhsw.pnj.ac.id', '120.188.2.207', '2021-07-29 09:45:20', '2021-07-29 09:45:20'),
(1129, '115', 'Dita', 'dita.nurhayati.tik17@mhsw.pnj.ac.id', '120.188.2.207', '2021-07-29 09:45:28', '2021-07-29 09:45:28'),
(1130, '124', 'dita', 'dita.nurhayati.tik17@mhsw.pnj.ac.id', '120.188.2.207', '2021-07-29 09:45:47', '2021-07-29 09:45:47'),
(1131, '129', 'Dita', 'dita.nurhayati.tik17@mhsw.pnj.ac.id', '120.188.2.207', '2021-07-29 09:45:58', '2021-07-29 09:45:58'),
(1132, '131', 'Dita', 'dita.nurhayati.tik17@mhsw.pnj.ac.id', '120.188.2.207', '2021-07-29 09:46:08', '2021-07-29 09:46:08'),
(1133, '113', 'Fikri', 'fikri.fadillah@binus.ac.id', '36.70.133.39', '2021-07-29 09:46:15', '2021-07-29 09:46:15'),
(1134, '126', 'Dita', 'dita.nurhayati.tik17@mhsw.pnj.ac.id', '120.188.2.207', '2021-07-29 09:46:17', '2021-07-29 09:46:17'),
(1135, '128', 'Dita', 'dita.nurhayati.tik17@mhsw.pnj.ac.id', '120.188.2.207', '2021-07-29 09:46:25', '2021-07-29 09:46:25'),
(1136, '130', 'Dita', 'dita.nurhayati.tik17@mhsw.pnj.ac.id', '120.188.2.207', '2021-07-29 09:46:33', '2021-07-29 09:46:33'),
(1137, '123', 'Dita', 'dita.nurhayati.tik17@mhsw.pnj.ac.id', '120.188.2.207', '2021-07-29 09:46:44', '2021-07-29 09:46:44'),
(1138, '113', 'Akmal', 'akmall2909@gmail.com', '182.0.229.172', '2021-07-29 09:47:46', '2021-07-29 09:47:46'),
(1139, '123', 'Nindi', 'nindisavirasamantha@gmail.com', '180.244.172.251', '2021-07-29 09:48:39', '2021-07-29 09:48:39'),
(1140, '79', 'Indah khairunnisa', 'khairunnisaindah522@gmail.com', '114.79.3.207', '2021-07-29 09:50:32', '2021-07-29 09:50:32'),
(1141, '79', 'Ayu wahyuni', 'wahyunia361@gmail.com', '141.0.9.28', '2021-07-29 09:51:20', '2021-07-29 09:51:20'),
(1142, '79', 'Evan', 'evanreswara@gmail.com', '36.71.212.121', '2021-07-29 09:53:47', '2021-07-29 09:53:47'),
(1143, '103', 'Indah khairunnisa', 'khairunnisaindah522@gmail.com', '114.79.3.207', '2021-07-29 09:54:26', '2021-07-29 09:54:26'),
(1144, '123', 'Rofiq Wibawanto', 'rofiq10wibawanto10@gmail.com', '175.158.60.197', '2021-07-29 09:55:39', '2021-07-29 09:55:39'),
(1145, '113', 'Nurul', 'Nuruldwiia@gmail.com', '36.71.214.247', '2021-07-29 09:57:03', '2021-07-29 09:57:03'),
(1146, '123', 'Khevin Yondra', 'khevin.yondra006@gmail.com', '66.96.232.153', '2021-07-29 09:59:21', '2021-07-29 09:59:21'),
(1147, '115', 'testing', 'testing@aja', '180.244.161.38', '2021-07-29 09:59:29', '2021-07-29 09:59:29'),
(1148, '79', 'Dea Nasution', 'Dheanasution24@gmail.com', '180.251.190.79', '2021-07-29 10:11:10', '2021-07-29 10:11:10'),
(1149, '113', 'Surya Negara', 'suryanegara10@gmail.com', '114.124.174.120', '2021-07-29 10:12:22', '2021-07-29 10:12:22'),
(1150, '79', 'Panji', 'panjimpt@gmail.com', '180.252.112.169', '2021-07-29 10:13:26', '2021-07-29 10:13:26'),
(1151, '79', 'Nurul Amalia Sumpena', 'aku.nurulamaliaa@gmail.com', '114.124.195.117', '2021-07-29 10:14:51', '2021-07-29 10:14:51'),
(1152, '103', 'sheilla', 'sheilla.rizkysaputri.tik18@mhsw.pnj.ac.id', '202.80.213.24', '2021-07-29 10:18:46', '2021-07-29 10:18:46'),
(1153, '123', 'Dina', 'ridhwandinaano@gmail.com', '125.166.42.73', '2021-07-29 10:20:29', '2021-07-29 10:20:29'),
(1154, '131', 'Anggia Rahma Ayomi', 'anggia.rahmaayomi.tik18@mhsw.pnj.ac.id', '180.251.188.226', '2021-07-29 10:21:39', '2021-07-29 10:21:39'),
(1155, '129', 'Anggia Rahma Ayomi', 'anggia.rahmaayomi.tik18@mhsw.pnj.ac.id', '180.251.188.226', '2021-07-29 10:21:58', '2021-07-29 10:21:58'),
(1156, '79', 'Leli Latifatul Huda', 'lelilatifatulhuda@gmail.com', '115.178.196.30', '2021-07-29 10:22:58', '2021-07-29 10:22:58'),
(1157, '100', 'Nicholas Steven', 'anelkanicholas18@gmail.com', '118.137.22.21', '2021-07-29 10:25:38', '2021-07-29 10:25:38'),
(1158, '113', 'Nicholas Steven', 'anelkanicholas18@gmail.com', '118.137.22.21', '2021-07-29 10:26:19', '2021-07-29 10:26:19'),
(1159, '79', 'AHMAD FAIZ IZZUDDIN', 'ahmadfaizg573@gmail.com', '36.74.41.229', '2021-07-29 10:29:27', '2021-07-29 10:29:27'),
(1160, '79', 'Khodijah amelia', 'amelcantik89340@gmail.com', '114.79.3.118', '2021-07-29 10:31:24', '2021-07-29 10:31:24'),
(1161, '123', 'Hana Octavia', 'hoktavia03@gmail.com', '36.68.118.186', '2021-07-29 10:32:45', '2021-07-29 10:32:45'),
(1162, '113', 'Muhammad Shaffrianto', 'muhammadshaffrianto40@gmail.com', '182.2.135.91', '2021-07-29 10:34:29', '2021-07-29 10:34:29'),
(1163, '127', 'nindi', 'nindisavirasamantha@gmail.com', '180.244.172.251', '2021-07-29 10:35:01', '2021-07-29 10:35:01'),
(1164, '113', 'Waode Siti juhariah', 'waodesitijuhariah@gmail.com', '182.2.136.25', '2021-07-29 10:35:12', '2021-07-29 10:35:12'),
(1165, '131', 'Ade Lutfiani', 'adelutfiany7@gmail.com', '180.252.86.40', '2021-07-29 10:36:26', '2021-07-29 10:36:26'),
(1166, '126', 'Ade Lutfiani', 'adelutfiany7@gmail.com', '180.252.86.40', '2021-07-29 10:36:55', '2021-07-29 10:36:55'),
(1167, '128', 'Ade Lutfiani', 'adelutfiany7@gmail.com', '180.252.86.40', '2021-07-29 10:37:23', '2021-07-29 10:37:23'),
(1168, '130', 'Ade Lutfiani', 'adelutfiany7@gmail.com', '180.252.86.40', '2021-07-29 10:37:41', '2021-07-29 10:37:41'),
(1169, '123', 'Ade Lutfiani', 'adelutfiany@gmail.com', '180.252.86.40', '2021-07-29 10:37:53', '2021-07-29 10:37:53'),
(1170, '113', 'Asad Setiawan', 'setiawanasad@gmail.com', '103.119.145.22', '2021-07-29 10:43:53', '2021-07-29 10:43:53'),
(1171, '118', 'Amanda Lukstiani Putri', 'amandalukstiana@gmail.com', '116.206.8.29', '2021-07-29 10:44:45', '2021-07-29 10:44:45'),
(1172, '79', 'Siti aisah', 'ayidimple45@gmail.com', '140.213.15.119', '2021-07-29 10:51:55', '2021-07-29 10:51:55'),
(1173, '113', 'Ahmad Fadhlur Rahman', 'ahmadfrg17@gmail.com', '118.136.171.97', '2021-07-29 10:52:31', '2021-07-29 10:52:31'),
(1174, '79', 'devi rachmawati', 'rachmawatidevi949@gmail.com', '140.213.11.111', '2021-07-29 10:52:44', '2021-07-29 10:52:44'),
(1175, '113', 'Rivai Arif', 'rivaimuhamadarif27@gmail.com', '115.133.227.80', '2021-07-29 10:58:25', '2021-07-29 10:58:25'),
(1176, '121', 'Daniel Anugrah Wibowo', 'danielanugrahwibowo21@gmail.com', '120.188.33.145', '2021-07-29 10:58:52', '2021-07-29 10:58:52'),
(1177, '121', 'LAURA MICHELIA PROUD', 'lauramichelia.proud@gmail.com', '182.2.138.247', '2021-07-29 11:00:06', '2021-07-29 11:00:06'),
(1178, '113', 'Jana', 'janaahanipa@gmail.com', '180.252.124.118', '2021-07-29 11:00:23', '2021-07-29 11:00:23'),
(1179, '113', 'Bram', 'bram13699@gmail.com', '114.124.164.188', '2021-07-29 11:02:47', '2021-07-29 11:02:47'),
(1180, '121', 'Risky Rahmadani Gusti', 'rizkyrg91@gmail.com', '120.188.64.219', '2021-07-29 11:04:24', '2021-07-29 11:04:24'),
(1181, '79', 'A’qila Faadiyah', 'ailafaad@gmail.com', '36.68.199.193', '2021-07-29 11:09:50', '2021-07-29 11:09:50'),
(1182, '121', 'Rudy', 'rudi.cahyadi98@yahoo.com', '180.243.216.12', '2021-07-29 11:13:57', '2021-07-29 11:13:57'),
(1183, '113', 'Muhammad Ibnu', 'ibnumuh73@gmail.com', '125.161.152.32', '2021-07-29 11:17:10', '2021-07-29 11:17:10'),
(1184, '113', 'Raudhatul Fathya Adillah Insani', 'raudhatul.fathya@gmail.com', '36.68.55.84', '2021-07-29 11:17:45', '2021-07-29 11:17:45'),
(1185, '128', 'Danti Aulia Ardianti', 'dantiauliaa@gmail.com', '111.94.12.58', '2021-07-29 11:18:05', '2021-07-29 11:18:05'),
(1186, '123', 'Raudhatul Fathya Adillah Insani', 'raudhatul.fathya@gmail.com', '36.68.55.84', '2021-07-29 11:20:19', '2021-07-29 11:20:19'),
(1187, '113', 'Eka Suci Puspitaningrum', 'ekaasuci241@gmail.com', '182.0.234.25', '2021-07-29 11:20:47', '2021-07-29 11:20:47'),
(1188, '79', 'firyal alsya', 'Firyalalsyautri@gmail.com', '180.245.46.177', '2021-07-29 11:22:00', '2021-07-29 11:22:00'),
(1189, '113', 'Teti fatimah', 'nengntet46@gmail.com', '114.4.213.195', '2021-07-29 11:23:03', '2021-07-29 11:23:03'),
(1190, '126', 'Adinda Putri Larasati', 'adinda.putrilarasati.tik20@mhsw.pnj.ac.id', '180.244.161.197', '2021-07-29 11:29:23', '2021-07-29 11:29:23'),
(1191, '114', 'YUSRON AFRIALSON SURBAKTI', 'yusron.afrialsonsurbakti62@student.stikomriau.ac.id', '182.0.246.161', '2021-07-29 11:32:13', '2021-07-29 11:32:13'),
(1192, '113', 'Drew', 'dicky100599@gmail.com', '182.2.135.198', '2021-07-29 11:34:11', '2021-07-29 11:34:11'),
(1193, '113', 'Bagus', 'priyabagus.a29@gmail.com', '114.124.238.109', '2021-07-29 11:47:48', '2021-07-29 11:47:48'),
(1194, '79', 'Gita k', 'gitakhairunisaunj@gmail.com', '114.5.211.75', '2021-07-29 11:48:02', '2021-07-29 11:48:02'),
(1195, '113', 'Janatul', 'janatulmaisara1983@gmail.com', '182.3.135.137', '2021-07-29 11:51:55', '2021-07-29 11:51:55'),
(1196, '114', 'Juwita Sitinjak', 'juwitasitinjak86@gmail.com', '182.0.214.94', '2021-07-29 11:52:54', '2021-07-29 11:52:54'),
(1197, '114', 'Claudia Lovelya Tivani Bonifhasya', 'claudia.lovelyativanibonifhasya.ts18@mhsw.pnj.ac.id', '180.252.172.129', '2021-07-29 11:56:51', '2021-07-29 11:56:51'),
(1198, '113', 'Sabrina Hidayah', 'sabrinahidayah8@gmail.com', '120.188.35.84', '2021-07-29 11:58:40', '2021-07-29 11:58:40'),
(1199, '114', 'DONATUS LEWO LADJAR', 'dladjar@gmail.com', '140.213.0.131', '2021-07-29 12:01:47', '2021-07-29 12:01:47'),
(1200, '114', 'Junita', 'junitapardede98@gmail.com', '182.1.45.45', '2021-07-29 12:02:28', '2021-07-29 12:02:28'),
(1201, '113', 'Putu Litha Sarascintya', 'putulitha22@gmail.com', '182.253.250.21', '2021-07-29 12:02:36', '2021-07-29 12:02:36'),
(1202, '100', 'nuryanah', 'nuryanah969@gmail.com', '103.10.66.70', '2021-07-29 12:03:37', '2021-07-29 12:03:37'),
(1203, '107', 'Nuryanah', 'nuryanah969@gmail.com', '103.10.66.70', '2021-07-29 12:04:26', '2021-07-29 12:04:26'),
(1204, '108', 'Nuryanah', 'nuryanah969@gmail.com', '103.10.66.70', '2021-07-29 12:04:47', '2021-07-29 12:04:47'),
(1205, '114', 'Nuryanah', 'nuryanah969@gmail.com', '103.10.66.70', '2021-07-29 12:05:28', '2021-07-29 12:05:28'),
(1206, '116', 'Nuryanah', 'nuryanah969@gmail.com', '103.10.66.70', '2021-07-29 12:05:58', '2021-07-29 12:05:58'),
(1207, '113', 'rili ade rina simatupang', 'abdulrachmansaleh@ymail.com', '149.110.28.164', '2021-07-29 12:06:44', '2021-07-29 12:06:44'),
(1208, '114', 'Crespo Morantes', 'morantescrespo1@gmail.com', '120.188.6.121', '2021-07-29 12:09:30', '2021-07-29 12:09:30'),
(1209, '79', 'Ridho A.S', 'meliodassongoku@gmail.com', '139.192.85.20', '2021-07-29 12:11:21', '2021-07-29 12:11:21'),
(1210, '113', 'mugi rahardjo', '2017mugirahardjo@gmail.com', '182.2.164.131', '2021-07-29 12:14:13', '2021-07-29 12:14:13'),
(1211, '113', 'Rahmayani', 'yanijoko69@gmail.com', '110.136.89.250', '2021-07-29 12:14:22', '2021-07-29 12:14:22'),
(1212, '123', 'M Raka', 'raka.xei2@gmail.com', '36.70.124.68', '2021-07-29 12:17:08', '2021-07-29 12:17:08'),
(1213, '113', 'Ode', 'hafafizibnu@gmail.com', '125.166.50.243', '2021-07-29 12:20:27', '2021-07-29 12:20:27'),
(1214, '79', 'Dila Rizki Khumaeroh', 'dilarizkikhumaeroh@gmail.com', '114.10.8.195', '2021-07-29 12:21:00', '2021-07-29 12:21:00'),
(1215, '102', 'Yasin', 'm.yasin17@gmail.com', '180.211.91.94', '2021-07-29 12:49:27', '2021-07-29 12:49:27'),
(1216, '114', 'ANGEL', 'theresiangel41@gmail.com', '140.213.190.80', '2021-07-29 12:56:00', '2021-07-29 12:56:00'),
(1217, '125', 'Naziihah Cita Ratu Pratama', 'naziihahcita@gmail.com', '139.193.214.2', '2021-07-29 13:02:22', '2021-07-29 13:02:22'),
(1218, '113', 'Virginia', 'janatulmaisara9@gmail.com', '180.248.122.204', '2021-07-29 13:07:38', '2021-07-29 13:07:38'),
(1219, '113', 'Ayu', 'v3iu.0382@gmail.com', '182.1.222.38', '2021-07-29 13:19:54', '2021-07-29 13:19:54'),
(1220, '128', 'Muhammad Syaikhan', 'muhammad.syaikhanrijalullah.tik17@mhsw.pnj.ac.id', '36.71.16.12', '2021-07-29 13:23:57', '2021-07-29 13:23:57'),
(1221, '113', 'Novi', 'novitausma@gmail.com', '182.2.170.23', '2021-07-29 13:34:38', '2021-07-29 13:34:38'),
(1222, '100', 'Devina Putri indriani', 'putridevina112@gmail.com', '120.188.32.194', '2021-07-29 13:46:14', '2021-07-29 13:46:14'),
(1223, '79', 'putri aprilia', 'putriapriani262@gmail.com', '114.4.82.45', '2021-07-29 13:50:08', '2021-07-29 13:50:08'),
(1224, '114', 'Fransiskus Xaverius Ananda Tri Prasetio', 'nandaprasesoft98@gmail.com', '103.121.16.82', '2021-07-29 13:52:44', '2021-07-29 13:52:44'),
(1225, '113', 'Mulyani', 'mulyani2562@gmail.com', '110.138.88.33', '2021-07-29 13:55:23', '2021-07-29 13:55:23'),
(1226, '79', 'Raina', 'rainakinta.zayyan@gmail.com', '112.215.65.241', '2021-07-29 13:58:31', '2021-07-29 13:58:31'),
(1227, '113', 'linawati', 'liechan310882@gmail.com', '158.140.182.41', '2021-07-29 13:59:55', '2021-07-29 13:59:55'),
(1228, '123', 'RISQI TRI YUNIASTUTI', 'risqitriyuniastuti2429@gmail.com', '114.124.195.111', '2021-07-29 14:03:05', '2021-07-29 14:03:05'),
(1229, '113', 'hsb', 'asdqhsb@gmail.com', '110.138.95.92', '2021-07-29 14:16:10', '2021-07-29 14:16:10'),
(1230, '110', 'Galih Bagas Pangestu', 'galihbagaspangestu@gmail.com', '180.252.170.132', '2021-07-29 14:16:47', '2021-07-29 14:16:47'),
(1231, '123', 'Bale', 'muhammadiqbal300199@gmail.com', '182.0.175.147', '2021-07-29 14:17:48', '2021-07-29 14:17:48'),
(1232, '114', 'Heru', 'tristiantoheru@gmail.com', '111.95.120.202', '2021-07-29 14:20:15', '2021-07-29 14:20:15'),
(1233, '114', 'Silvia Verawaty', 'silviaverawaty42@gmail.com', '116.206.36.10', '2021-07-29 14:27:38', '2021-07-29 14:27:38'),
(1234, '79', 'Pirial hanifah', 'pirialhanifah13@gmail.com', '114.79.6.12', '2021-07-29 14:32:34', '2021-07-29 14:32:34'),
(1235, '104', 'Kenanga Indah', 'kenangaindah0802@gmail.com', '103.121.16.91', '2021-07-29 14:32:56', '2021-07-29 14:32:56'),
(1236, '126', 'Kenanga Indah', 'kenangaindah0802@gmail.com', '103.121.16.91', '2021-07-29 14:34:02', '2021-07-29 14:34:02'),
(1237, '123', 'Kenanga Indah', 'kenangaindah0802@gmail.com', '103.121.16.91', '2021-07-29 14:34:17', '2021-07-29 14:34:17'),
(1238, '123', 'Nur aini', 'nur.aini.tgp17@mhsw.pnj.ac.id', '120.188.35.101', '2021-07-29 14:36:40', '2021-07-29 14:36:40'),
(1239, '79', 'nadya', 'nadyadewin2204@gmail.com', '182.0.243.139', '2021-07-29 14:43:07', '2021-07-29 14:43:07'),
(1240, '123', 'Adinda', 'prilaadinda@gmail.com', '180.251.185.83', '2021-07-29 14:45:36', '2021-07-29 14:45:36'),
(1241, '123', 'Icul', 'michlasul@gmail.com', '180.245.164.18', '2021-07-29 14:51:46', '2021-07-29 14:51:46'),
(1242, '79', 'Nurapriliani', 'Nurapriliani174@gmail.com', '180.252.169.93', '2021-07-29 14:52:12', '2021-07-29 14:52:12'),
(1243, '123', 'Deajeng', 'deajengcahyani@gmail.com', '114.5.250.93', '2021-07-29 14:52:54', '2021-07-29 14:52:54'),
(1244, '123', 'Herlina Dwiyanthi', 'herlinadwiy@gmail.com', '182.0.237.171', '2021-07-29 14:53:03', '2021-07-29 14:53:03'),
(1245, '123', 'Nadia', 'nadiamaduri21@gmail.com', '114.5.209.225', '2021-07-29 14:53:18', '2021-07-29 14:53:18'),
(1246, '79', 'Rio Rizqy', 'riorizqy7@gmail.com', '180.243.141.28', '2021-07-29 14:54:30', '2021-07-29 14:54:30'),
(1247, '79', 'Naylaolivia', 'naylaolivia463@gmail.com', '180.252.95.99', '2021-07-29 15:01:45', '2021-07-29 15:01:45'),
(1248, '123', 'Tenty Nur Sulistiawati', 'tentynurs30@gmail.com', '182.0.203.244', '2021-07-29 15:01:58', '2021-07-29 15:01:58'),
(1249, '123', 'Bagas Aditama', 'bagasaditama999@gmail.com', '180.245.225.211', '2021-07-29 15:04:15', '2021-07-29 15:04:15'),
(1250, '79', 'HASNA NUR SAKILA', 'hasnasyakila22@gmail.com', '112.215.171.191', '2021-07-29 15:08:24', '2021-07-29 15:08:24'),
(1251, '123', 'Rio Harun Firmansyah', 'riohrn1208@gmail.com', '149.108.39.64', '2021-07-29 15:09:04', '2021-07-29 15:09:04'),
(1252, '125', 'anggimo', 'anggxmonica.am@gmail.com', '125.166.35.203', '2021-07-29 15:14:47', '2021-07-29 15:14:47'),
(1253, '79', 'Zainah salsadilah', 'Zainahsalsadilah02@gmail.com', '180.243.15.72', '2021-07-29 15:14:49', '2021-07-29 15:14:49'),
(1254, '79', 'DHP', 'prastyodeva71@gmail.com', '114.79.1.178', '2021-07-29 15:27:13', '2021-07-29 15:27:13'),
(1255, '113', 'U. Bahrudin', 'laodebaha@gmail.com', '182.2.170.67', '2021-07-29 15:40:09', '2021-07-29 15:40:09'),
(1256, '114', 'Elfrida Dwiyanti', 'dwiyanti.elfrida@gmail.com', '111.95.2.104', '2021-07-29 15:46:03', '2021-07-29 15:46:03'),
(1257, '121', 'Yohanes', 'yohaneskaiin@gmail.com', '116.206.8.11', '2021-07-29 15:54:08', '2021-07-29 15:54:08'),
(1258, '121', 'Aneke Joseph', 'annkejoseph15@gmail.com', '116.206.8.56', '2021-07-29 16:03:13', '2021-07-29 16:03:13'),
(1259, '121', 'Feby', 'febydefretess@gmail.com', '116.206.8.6', '2021-07-29 16:03:46', '2021-07-29 16:03:46'),
(1260, '129', 'Laudry', 'laudrymelano15@gmail.com', '116.206.8.56', '2021-07-29 16:05:35', '2021-07-29 16:05:35'),
(1261, '121', 'Mateas Arifin', 'mateasarifin@gmail.com', '111.95.69.224', '2021-07-29 16:08:29', '2021-07-29 16:08:29'),
(1262, '121', 'Oktavia', 'bakaraoktavia17@gmail.com', '180.252.90.25', '2021-07-29 16:09:17', '2021-07-29 16:09:17'),
(1263, '79', 'Maulidaa', 'nidanurmaulidaa@gmail.com', '180.252.83.207', '2021-07-29 16:14:27', '2021-07-29 16:14:27'),
(1264, '121', 'Anggia Rahma Ayomi', 'anggia.rahmaayomi.tik18@mhsw.pnj.ac.id', '180.251.188.226', '2021-07-29 16:16:34', '2021-07-29 16:16:34'),
(1265, '79', 'Putri', 'putrivirginia1@gmail.com', '182.2.169.159', '2021-07-29 16:16:52', '2021-07-29 16:16:52'),
(1266, '121', 'kezia clarisa', 'keziaaclarisa@gmail.com', '114.4.213.6', '2021-07-29 16:17:18', '2021-07-29 16:17:18'),
(1267, '121', 'Erik Albert Mampuk', 'albert.mampuk@gmail.com', '114.124.136.98', '2021-07-29 16:19:08', '2021-07-29 16:19:08'),
(1268, '104', 'a', 'a@ss.com', '127.0.0.1', '2021-08-31 02:25:35', '2021-08-31 02:25:35'),
(1269, '107', 'a', 'a@a.com', '127.0.0.1', '2021-08-31 02:26:46', '2021-08-31 02:26:46');

--
-- Indexes for dumped tables
--

--
-- Indexes for table `config`
--
ALTER TABLE `config`
  ADD PRIMARY KEY (`id`);

--
-- Indexes for table `failed_jobs`
--
ALTER TABLE `failed_jobs`
  ADD PRIMARY KEY (`id`),
  ADD UNIQUE KEY `failed_jobs_uuid_unique` (`uuid`);

--
-- Indexes for table `migrations`
--
ALTER TABLE `migrations`
  ADD PRIMARY KEY (`id`);

--
-- Indexes for table `projects`
--
ALTER TABLE `projects`
  ADD PRIMARY KEY (`id`);

--
-- Indexes for table `project_categories`
--
ALTER TABLE `project_categories`
  ADD PRIMARY KEY (`id`);

--
-- Indexes for table `users`
--
ALTER TABLE `users`
  ADD PRIMARY KEY (`id`),
  ADD UNIQUE KEY `users_username_unique` (`username`);

--
-- Indexes for table `votes`
--
ALTER TABLE `votes`
  ADD PRIMARY KEY (`id`);

--
-- AUTO_INCREMENT for dumped tables
--

--
-- AUTO_INCREMENT for table `config`
--
ALTER TABLE `config`
  MODIFY `id` bigint(20) UNSIGNED NOT NULL AUTO_INCREMENT, AUTO_INCREMENT=4213;

--
-- AUTO_INCREMENT for table `failed_jobs`
--
ALTER TABLE `failed_jobs`
  MODIFY `id` bigint(20) UNSIGNED NOT NULL AUTO_INCREMENT;

--
-- AUTO_INCREMENT for table `migrations`
--
ALTER TABLE `migrations`
  MODIFY `id` int(10) UNSIGNED NOT NULL AUTO_INCREMENT, AUTO_INCREMENT=7;

--
-- AUTO_INCREMENT for table `projects`
--
ALTER TABLE `projects`
  MODIFY `id` bigint(20) UNSIGNED NOT NULL AUTO_INCREMENT, AUTO_INCREMENT=133;

--
-- AUTO_INCREMENT for table `project_categories`
--
ALTER TABLE `project_categories`
  MODIFY `id` bigint(20) UNSIGNED NOT NULL AUTO_INCREMENT, AUTO_INCREMENT=8;

--
-- AUTO_INCREMENT for table `users`
--
ALTER TABLE `users`
  MODIFY `id` bigint(20) UNSIGNED NOT NULL AUTO_INCREMENT, AUTO_INCREMENT=1908;

--
-- AUTO_INCREMENT for table `votes`
--
ALTER TABLE `votes`
  MODIFY `id` bigint(20) UNSIGNED NOT NULL AUTO_INCREMENT, AUTO_INCREMENT=1270;
COMMIT;

/*!40101 SET CHARACTER_SET_CLIENT=@OLD_CHARACTER_SET_CLIENT */;
/*!40101 SET CHARACTER_SET_RESULTS=@OLD_CHARACTER_SET_RESULTS */;
/*!40101 SET COLLATION_CONNECTION=@OLD_COLLATION_CONNECTION */;
